,track.id,track.popularity,playlist.id,playlist.name,danceability,energy,acousticness,instrumentalness,liveness,valence
0,3rj0b3LZ1nDH3Ok5qiJ0wK,28,37i9dQZF1DWZuIX5Q3yUjF,anima R&B,0.434,0.542,0.198,1.68e-06,0.555,0.478
1,11M65eBc6Nn2Xz4sSqp74t,64,37i9dQZF1DWZuIX5Q3yUjF,anima R&B,0.719,0.663,0.0664,0.000328,0.327,0.379
2,1dXTFknh7iKkCKUAvkoN71,61,37i9dQZF1DWZuIX5Q3yUjF,anima R&B,0.657,0.675,0.0563,0.0,0.451,0.291
3,0H5tubrS0IuLTuqvNDQSiU,57,37i9dQZF1DWZuIX5Q3yUjF,anima R&B,0.735,0.584,0.477,1.18e-05,0.16,0.423
4,3VGJcyguewRfIS9WfKRHuM,34,37i9dQZF1DWZuIX5Q3yUjF,anima R&B,0.742,0.818,0.0151,1.34e-05,0.126,0.774
5,7bHvccLIQywLbjaUjJRLye,18,37i9dQZF1DWZuIX5Q3yUjF,anima R&B,0.778,0.473,0.298,0.0,0.228,0.678
6,2cLYMeNcfLgCbhxKKyfOme,59,37i9dQZF1DWZuIX5Q3yUjF,anima R&B,0.786,0.851,0.211,0.0,0.0757,0.58
7,1jdYgNwQCvGxLBXtTGeX8d,37,37i9dQZF1DWZuIX5Q3yUjF,anima R&B,0.765,0.346,0.603,0.0,0.0936,0.581
8,68EmYCU8qFdwLrDBajE8A6,24,37i9dQZF1DWZuIX5Q3yUjF,anima R&B,0.556,0.445,0.346,2.25e-05,0.112,0.67
9,73z3wbfBE0SvMurARjGU1q,34,37i9dQZF1DWZuIX5Q3yUjF,anima R&B,0.77,0.663,0.0606,2.51e-06,0.148,0.66
10,22aKqbbdS2OIo2kTeL4aA0,28,37i9dQZF1DWZuIX5Q3yUjF,anima R&B,0.537,0.471,0.664,0.0,0.124,0.605
11,1hNmQc9kFq67hSxA92ODcE,66,37i9dQZF1DWZuIX5Q3yUjF,anima R&B,0.531,0.716,0.729,0.0,0.645,0.428
12,05HJPD3XmvELk1XkUHESk7,21,37i9dQZF1DWZuIX5Q3yUjF,anima R&B,0.775,0.487,0.0327,0.0,0.191,0.264
13,5V6m4JbydjZ4nZPCNh3Ja5,25,37i9dQZF1DWZuIX5Q3yUjF,anima R&B,0.693,0.517,0.255,0.0,0.197,0.396
14,6uXqztz9XSCYu8VCwBjqfs,39,37i9dQZF1DWZuIX5Q3yUjF,anima R&B,0.614,0.562,0.0129,0.0,0.205,0.47
15,1XXQcB1zomIbxVqDxAaoZE,28,37i9dQZF1DWZuIX5Q3yUjF,anima R&B,0.806,0.288,0.364,3.75e-06,0.108,0.462
16,5snzqLHHfC3PDChIta6ykf,30,37i9dQZF1DWZuIX5Q3yUjF,anima R&B,0.595,0.424,0.202,0.014,0.135,0.103
17,03w45P2Br5z0Y4kyvhTKlh,61,37i9dQZF1DWZuIX5Q3yUjF,anima R&B,0.615,0.689,0.178,0.0,0.117,0.523
18,3PpqHTygYCraYl4KfNfA9p,43,37i9dQZF1DWZuIX5Q3yUjF,anima R&B,0.323,0.828,0.48,0.000563,0.296,0.477
19,25PSYKCaE27qE1gjhDv6BA,42,37i9dQZF1DWZuIX5Q3yUjF,anima R&B,0.667,0.61,0.0689,0.0,0.556,0.878
20,3zdVa9wy2Cq4dNUwQkSNne,40,37i9dQZF1DWZuIX5Q3yUjF,anima R&B,0.701,0.614,0.319,0.0,0.157,0.663
21,5gHP2viX3WlMYjyhvOiv8B,28,37i9dQZF1DWZuIX5Q3yUjF,anima R&B,0.714,0.556,0.085,0.00343,0.235,0.786
22,3ILta8SPlsWdOueRYzc5mL,58,37i9dQZF1DWZuIX5Q3yUjF,anima R&B,0.483,0.564,0.577,2.19e-05,0.103,0.414
23,5xv5BACssnE79f9jmYOZ3z,21,37i9dQZF1DWZuIX5Q3yUjF,anima R&B,0.499,0.383,0.781,0.000223,0.122,0.338
24,1veReHjJIxYAuKDXTr1p5T,23,37i9dQZF1DWZuIX5Q3yUjF,anima R&B,0.743,0.742,0.382,0.0017,0.103,0.616
25,1e24wk42udtaqRbDDL5kU9,30,37i9dQZF1DWZuIX5Q3yUjF,anima R&B,0.736,0.578,0.031,0.0,0.0903,0.676
26,2Iwr7RPfSZcuEljEI2yfR4,34,37i9dQZF1DWZuIX5Q3yUjF,anima R&B,0.707,0.602,0.548,0.0,0.109,0.549
27,55XKT8nyvkb4YlaxdrMrBq,35,37i9dQZF1DWZuIX5Q3yUjF,anima R&B,0.584,0.381,0.75,0.0,0.146,0.517
28,43N5BJj7Ef4TYtiyR6CVRt,60,37i9dQZF1DWZuIX5Q3yUjF,anima R&B,0.479,0.671,0.158,0.0,0.102,0.276
29,3xtpmnD2irzYmQXNhmACDQ,30,37i9dQZF1DWZuIX5Q3yUjF,anima R&B,0.767,0.789,0.0931,0.000862,0.104,0.536
30,6xGlBUxlWB6BTUIB3AYrTw,38,37i9dQZF1DWZuIX5Q3yUjF,anima R&B,0.42,0.624,0.613,0.000283,0.108,0.434
31,2xmkr6aeNhG9QW1ecoGYl8,31,37i9dQZF1DWZuIX5Q3yUjF,anima R&B,0.543,0.751,0.673,0.0,0.169,0.506
32,0YP0bLc16LOCaxM7OITvpI,32,37i9dQZF1DWZuIX5Q3yUjF,anima R&B,0.631,0.652,0.0383,0.0,0.0984,0.806
33,5SV29vXmmcAiRY8mEkXvFo,22,37i9dQZF1DWZuIX5Q3yUjF,anima R&B,0.597,0.63,0.541,1.97e-06,0.161,0.424
34,1bDoLDft3BkmF92EMdHwBG,27,37i9dQZF1DWZuIX5Q3yUjF,anima R&B,0.775,0.418,0.396,0.0,0.257,0.419
35,3gKvDIkVfnVUaml9MjOZsX,26,37i9dQZF1DWZuIX5Q3yUjF,anima R&B,0.841,0.609,0.103,0.0,0.097,0.81
36,0ejxid2nV1DsBbFtzS1GNZ,20,37i9dQZF1DWZuIX5Q3yUjF,anima R&B,0.791,0.741,0.0446,0.000117,0.165,0.267
37,0tMWgsyZpCv1HhNR9sZxWe,28,37i9dQZF1DWZuIX5Q3yUjF,anima R&B,0.7,0.766,0.0409,0.00186,0.406,0.607
38,1uGOr4x8jxiVDFJe16JpIM,28,37i9dQZF1DWZuIX5Q3yUjF,anima R&B,0.678,0.502,0.554,0.626,0.335,0.106
39,2lhG6XGgofDm7tqoCXgUjE,22,37i9dQZF1DWZuIX5Q3yUjF,anima R&B,0.586,0.669,0.0525,0.00774,0.139,0.395
40,2VO6eCysjYU4opjZ9c8Vpg,41,37i9dQZF1DWZuIX5Q3yUjF,anima R&B,0.721,0.642,0.646,1.45e-05,0.104,0.534
41,1foqd0uIrJg2HZYxTXPEM8,27,37i9dQZF1DWZuIX5Q3yUjF,anima R&B,0.642,0.511,0.108,0.0,0.234,0.463
42,3obxOEKgJEDv0srjMuqlcH,16,37i9dQZF1DWZuIX5Q3yUjF,anima R&B,0.707,0.742,0.373,0.0,0.162,0.841
43,2tWFQujrrU9UCDdkOTnqwr,30,37i9dQZF1DWZuIX5Q3yUjF,anima R&B,0.352,0.481,0.459,0.005,0.127,0.0909
44,1eCtqVLTiNXOIelAyg7RqA,24,37i9dQZF1DWZuIX5Q3yUjF,anima R&B,0.688,0.57,0.0894,0.0,0.198,0.158
45,3LoPklEXqT6iCQDQslGWDW,27,37i9dQZF1DWZuIX5Q3yUjF,anima R&B,0.627,0.587,0.304,0.0,0.074,0.358
46,2yghtv6CfJ2cWTDu4wDvbH,36,37i9dQZF1DWZuIX5Q3yUjF,anima R&B,0.686,0.753,0.396,0.0,0.303,0.85
47,1gwcz7W3VgOYKlIdTykPhy,50,37i9dQZF1DWZuIX5Q3yUjF,anima R&B,0.626,0.604,0.473,0.00534,0.211,0.36
48,5PSWmQpJrYFZBBehU0v09E,28,37i9dQZF1DWZuIX5Q3yUjF,anima R&B,0.618,0.52,0.381,0.00201,0.262,0.29
49,2ci2ipjDhLoRbEzVK98Sqc,28,37i9dQZF1DWZuIX5Q3yUjF,anima R&B,0.517,0.54,0.722,0.0106,0.138,0.331
50,5bTlnbINXYTZc0gBZOjKaT,24,37i9dQZF1DWZuIX5Q3yUjF,anima R&B,0.725,0.431,0.185,0.684,0.209,0.294
51,2GM8mbMtFaxX9QlXncG0Rn,39,37i9dQZF1DWZuIX5Q3yUjF,anima R&B,0.715,0.769,0.266,0.000118,0.0865,0.141
52,6CcNiFABy6hcoLfTF52XHG,40,37i9dQZF1DWZuIX5Q3yUjF,anima R&B,0.359,0.54,0.257,2.18e-05,0.118,0.213
53,3eBhdxzIt6VcPVexAA68QT,34,37i9dQZF1DWZuIX5Q3yUjF,anima R&B,0.563,0.869,0.00947,0.0,0.422,0.523
54,4GYqfjLLISwlgJOj6gRPZ2,36,37i9dQZF1DWZuIX5Q3yUjF,anima R&B,0.722,0.295,0.666,0.0,0.116,0.171
55,4O3sAZoZDIhNRcfHNuU4Ps,71,37i9dQZF1DWTbGYZ9Pq4TH,Amore Davvero,0.737,0.726,0.0261,0.0,0.111,0.564
56,5OaBhC8NjdqDhHF9I6r9lS,60,37i9dQZF1DWTbGYZ9Pq4TH,Amore Davvero,0.417,0.626,0.218,0.0,0.0805,0.144
57,05G23JkXHRv3NJ9hENaafi,59,37i9dQZF1DWTbGYZ9Pq4TH,Amore Davvero,0.435,0.578,0.275,0.0,0.158,0.147
58,5LZVK19ieaV8Mk9FsqTL3F,68,37i9dQZF1DWTbGYZ9Pq4TH,Amore Davvero,0.713,0.902,0.0493,0.0,0.0781,0.72
59,3hV8uIYz5D5orhpgqixZHj,63,37i9dQZF1DWTbGYZ9Pq4TH,Amore Davvero,0.567,0.678,0.00385,3.06e-05,0.232,0.198
60,6Ahg1hncxUdK0ICqU03BCu,71,37i9dQZF1DWTbGYZ9Pq4TH,Amore Davvero,0.623,0.663,0.0624,4.49e-06,0.0922,0.346
61,1qMx707PFdFXdwLvcUTNz3,63,37i9dQZF1DWTbGYZ9Pq4TH,Amore Davvero,0.568,0.678,0.428,0.0,0.107,0.241
62,2dSimaa1gqyr0U0il3gMmd,56,37i9dQZF1DWTbGYZ9Pq4TH,Amore Davvero,0.414,0.434,0.882,4.58e-06,0.106,0.213
63,4wygbO6TTzMIy745rxcmdT,55,37i9dQZF1DWTbGYZ9Pq4TH,Amore Davvero,0.55,0.612,0.0693,0.0,0.0907,0.293
64,4zb0g3sxejRXrx3SPVcOHU,43,37i9dQZF1DWTbGYZ9Pq4TH,Amore Davvero,0.497,0.796,0.281,0.0,0.107,0.456
65,7Imr3iWPjlPs208jw92W5J,42,37i9dQZF1DWTbGYZ9Pq4TH,Amore Davvero,0.534,0.523,0.366,0.0,0.116,0.246
66,0WBg2If3H9nN9RFl2xO2SZ,67,37i9dQZF1DWTbGYZ9Pq4TH,Amore Davvero,0.459,0.696,0.126,0.0,0.198,0.422
67,6Vw7SyOg1BcWvGpyPzWgEa,64,37i9dQZF1DWTbGYZ9Pq4TH,Amore Davvero,0.672,0.799,0.00649,0.0,0.0694,0.917
68,0pVSpAnjpnqywmPZnOISiv,57,37i9dQZF1DWTbGYZ9Pq4TH,Amore Davvero,0.457,0.523,0.606,6.43e-06,0.103,0.376
69,42QwfNehRxZzLhQCh7Jfkr,40,37i9dQZF1DWTbGYZ9Pq4TH,Amore Davvero,0.443,0.444,0.704,1.9e-06,0.11,0.219
70,15RRpHBNzv0gvjIry4jyOs,64,37i9dQZF1DWTbGYZ9Pq4TH,Amore Davvero,0.466,0.509,0.2,0.0,0.0872,0.342
71,6bMfEx9nIYsmFjiJl6P9NY,52,37i9dQZF1DWTbGYZ9Pq4TH,Amore Davvero,0.633,0.532,0.847,0.0,0.101,0.317
72,0LcyAWgNU4vk3Sn1DNtifk,56,37i9dQZF1DWTbGYZ9Pq4TH,Amore Davvero,0.545,0.709,0.229,0.0,0.0866,0.418
73,7wQ9SAdzNgJ7dR1mXQiYfF,51,37i9dQZF1DWTbGYZ9Pq4TH,Amore Davvero,0.51,0.733,0.0396,0.0,0.154,0.372
74,5jbljhnrUPo1kzJXkyoOm0,50,37i9dQZF1DWTbGYZ9Pq4TH,Amore Davvero,0.664,0.28,0.729,2.24e-05,0.1,0.155
75,7LYUIppHHkuKeIyfWwUEvj,56,37i9dQZF1DWTbGYZ9Pq4TH,Amore Davvero,0.537,0.387,0.752,0.00146,0.115,0.281
76,3R8BUVpkyfkDBeXQAFH1mw,51,37i9dQZF1DWTbGYZ9Pq4TH,Amore Davvero,0.322,0.175,0.727,3.67e-05,0.121,0.135
77,5ZODincIREhQ6RYnoJdXNd,50,37i9dQZF1DWTbGYZ9Pq4TH,Amore Davvero,0.616,0.306,0.43,0.0,0.133,0.305
78,3sc9YIcDSPCXsQ0zzX3JLW,65,37i9dQZF1DWTbGYZ9Pq4TH,Amore Davvero,0.481,0.391,0.191,9.64e-06,0.201,0.357
79,50SlDRnQ3hqXleFQTSTgid,51,37i9dQZF1DWTbGYZ9Pq4TH,Amore Davvero,0.52,0.685,0.0564,0.0,0.0993,0.483
80,3tzjCVLS3cs28nkeKPTeNT,47,37i9dQZF1DWTbGYZ9Pq4TH,Amore Davvero,0.685,0.762,0.00255,0.0,0.103,0.647
81,1MHJZhEo79mKEK349W188E,50,37i9dQZF1DWTbGYZ9Pq4TH,Amore Davvero,0.498,0.682,0.271,1.08e-06,0.0965,0.366
82,6eLBzWfMCfir6mOvBQfrrr,54,37i9dQZF1DWTbGYZ9Pq4TH,Amore Davvero,0.651,0.281,0.366,7.53e-05,0.0527,0.663
83,3lhFm6HKnGJoLfYbmWntfm,47,37i9dQZF1DWTbGYZ9Pq4TH,Amore Davvero,0.414,0.515,0.253,0.0,0.089,0.215
84,3L1uLi5dUwHXyPr1qdFTOS,53,37i9dQZF1DWTbGYZ9Pq4TH,Amore Davvero,0.677,0.677,0.137,0.0,0.0731,0.251
85,242fdwNbwYn2MAnKTD7Xcl,53,37i9dQZF1DWTbGYZ9Pq4TH,Amore Davvero,0.701,0.507,0.245,0.0,0.106,0.714
86,6SZMYfcEOgv7a7fhArmrQQ,52,37i9dQZF1DWTbGYZ9Pq4TH,Amore Davvero,0.586,0.625,0.153,0.0,0.132,0.493
87,7sh95K3HXkne9mVYDOIRWs,61,37i9dQZF1DWTbGYZ9Pq4TH,Amore Davvero,0.547,0.888,0.00962,9.75e-06,0.187,0.275
88,0pFjYM7JdNJhjuooMgesks,64,37i9dQZF1DWTbGYZ9Pq4TH,Amore Davvero,0.472,0.293,0.876,0.0,0.0972,0.379
89,35QutYlXHDefIzlO4GjXjk,51,37i9dQZF1DWTbGYZ9Pq4TH,Amore Davvero,0.394,0.794,0.272,0.0,0.103,0.585
90,3E1FgPTXX203rgBTD5nlKF,67,37i9dQZF1DWTbGYZ9Pq4TH,Amore Davvero,0.685,0.764,0.45,0.0,0.227,0.315
91,6sLBJkMyZIkGevtpYgeotT,64,37i9dQZF1DWTbGYZ9Pq4TH,Amore Davvero,0.487,0.465,0.341,0.0,0.111,0.288
92,1Kfzmp5K4glWRKzsyQL9pI,54,37i9dQZF1DWTbGYZ9Pq4TH,Amore Davvero,0.617,0.64,0.182,0.0,0.113,0.231
93,2cf1g08CvDuhwXFqxjetQi,63,37i9dQZF1DWTbGYZ9Pq4TH,Amore Davvero,0.442,0.557,0.357,0.0,0.11,0.124
94,1of8D9YF8T2nkLuk30JZNX,56,37i9dQZF1DWTbGYZ9Pq4TH,Amore Davvero,0.721,0.596,0.229,0.0,0.193,0.434
95,2tVNMtgZ2CQpTx7vgcuTkL,58,37i9dQZF1DWTbGYZ9Pq4TH,Amore Davvero,0.695,0.708,0.182,0.0,0.0462,0.599
96,2I5W8kZfEqNhKspk7Ot6Gb,48,37i9dQZF1DWTbGYZ9Pq4TH,Amore Davvero,0.597,0.858,0.0107,0.0,0.0938,0.378
97,6iLvjH0HEU71q31DAfKt10,51,37i9dQZF1DWTbGYZ9Pq4TH,Amore Davvero,0.498,0.641,0.376,0.0,0.195,0.196
98,71r3UlkV7sWvUYjas5paqi,70,37i9dQZF1DWTbGYZ9Pq4TH,Amore Davvero,0.617,0.916,0.123,0.0,0.183,0.552
99,2hfBefasNaEEgnxD4Pdsar,58,37i9dQZF1DWTbGYZ9Pq4TH,Amore Davvero,0.617,0.42,0.221,0.000576,0.0973,0.174
100,0XRxwt5AoIFG0cIfRnb2f2,55,37i9dQZF1DWTbGYZ9Pq4TH,Amore Davvero,0.529,0.427,0.724,0.0,0.144,0.492
101,4WMMIrXdbO5WoOAFqbYnTx,55,37i9dQZF1DWTbGYZ9Pq4TH,Amore Davvero,0.513,0.773,0.187,3.17e-06,0.151,0.545
102,6t4XT3FQGdB7EjqvfAahNx,55,37i9dQZF1DWTbGYZ9Pq4TH,Amore Davvero,0.479,0.404,0.757,0.0,0.0966,0.495
103,7AKMq2HTg8FQs9LE0v9uoy,68,37i9dQZF1DWTbGYZ9Pq4TH,Amore Davvero,0.545,0.545,0.807,1.19e-05,0.114,0.244
104,4Z43nMEiOiNeDrqu2BN0JD,58,37i9dQZF1DWTbGYZ9Pq4TH,Amore Davvero,0.491,0.776,0.0907,0.0,0.111,0.626
105,6j1ocCw7gfXPFpp9j8GJRt,53,37i9dQZF1DX3kkOVvCOkIe,Anni 80,0.645,0.402,0.0859,1.25e-06,0.0532,0.559
106,4gjmX7aKN7tVt3eqi4aP9P,46,37i9dQZF1DX3kkOVvCOkIe,Anni 80,0.508,0.708,0.586,0.0,0.105,0.875
107,0eyUA8u50yg6iCiwG0vJQl,50,37i9dQZF1DX3kkOVvCOkIe,Anni 80,0.482,0.834,0.306,0.0,0.158,0.642
108,0LtW3MVVagosqQYDq8ClZe,49,37i9dQZF1DX3kkOVvCOkIe,Anni 80,0.651,0.655,0.631,0.0,0.513,0.511
109,0bcrOUFQTXyJCC1lT2xfWI,48,37i9dQZF1DX3kkOVvCOkIe,Anni 80,0.473,0.603,0.185,9.24e-05,0.566,0.352
110,5NzWbTJOakrvq3g83UoD25,51,37i9dQZF1DX3kkOVvCOkIe,Anni 80,0.708,0.462,0.376,6.34e-06,0.237,0.537
111,2pWzPQ2lhuEE2sb3aPKMHX,57,37i9dQZF1DX3kkOVvCOkIe,Anni 80,0.591,0.379,0.069,1.98e-05,0.0923,0.49
112,2kPdlregZpKviUqQm4W2AZ,47,37i9dQZF1DX3kkOVvCOkIe,Anni 80,0.581,0.678,0.168,0.0,0.117,0.75
113,1HVMNGm6RhLKbqRl0cQa3A,53,37i9dQZF1DX3kkOVvCOkIe,Anni 80,0.559,0.732,0.158,0.0,0.134,0.563
114,4X6vqZgHpqjWAgIfBaE5q5,55,37i9dQZF1DX3kkOVvCOkIe,Anni 80,0.592,0.832,0.215,0.0,0.111,0.775
115,36XPOeckJ4lrFDLNZI8qwF,50,37i9dQZF1DX3kkOVvCOkIe,Anni 80,0.293,0.657,0.644,0.0,0.972,0.356
116,135nZjycUXnXt56lRaybXp,47,37i9dQZF1DX3kkOVvCOkIe,Anni 80,0.732,0.688,0.122,1.8e-05,0.143,0.849
117,5BTBBUwbXB7AVTUd5maNee,50,37i9dQZF1DX3kkOVvCOkIe,Anni 80,0.45,0.567,0.765,0.0,0.114,0.152
118,1WrT3pRtE32H2lyLPQFJq1,47,37i9dQZF1DX3kkOVvCOkIe,Anni 80,0.583,0.669,0.362,4.08e-06,0.313,0.546
119,0O7KQqwVlMvptBVJMbzCHv,53,37i9dQZF1DX3kkOVvCOkIe,Anni 80,0.479,0.322,0.538,0.0,0.126,0.22
120,3Qjr2mNDOn24M4Y50hR9hJ,53,37i9dQZF1DX3kkOVvCOkIe,Anni 80,0.547,0.539,0.117,0.0,0.357,0.775
121,7tPbC6Z5Sjjyc3QUMNqwuX,46,37i9dQZF1DX3kkOVvCOkIe,Anni 80,0.564,0.848,0.288,0.0,0.0993,0.734
122,6DW6aDnyAJW38E54i80m3q,52,37i9dQZF1DX3kkOVvCOkIe,Anni 80,0.684,0.415,0.293,0.0,0.087,0.392
123,35v78oXDzcYDtPWrPsSdYj,48,37i9dQZF1DX3kkOVvCOkIe,Anni 80,0.717,0.736,0.109,7.01e-06,0.344,0.806
124,2T2t1DXwzdilKF3BQPHREo,58,37i9dQZF1DX3kkOVvCOkIe,Anni 80,0.31,0.137,0.731,0.000254,0.429,0.112
125,57J7lg7C1IZRxvA13J1nhw,51,37i9dQZF1DX3kkOVvCOkIe,Anni 80,0.466,0.285,0.755,1.07e-05,0.144,0.231
126,0fHoky7DVJyQOd9SGOrSdr,51,37i9dQZF1DX3kkOVvCOkIe,Anni 80,0.78,0.863,0.172,0.0,0.0568,0.596
127,6fB3Wy1x9EdhfFwqy8lJcZ,53,37i9dQZF1DX3kkOVvCOkIe,Anni 80,0.554,0.869,0.209,0.0,0.0495,0.718
128,1kc8vFipscBShNDVWoCTUY,46,37i9dQZF1DX3kkOVvCOkIe,Anni 80,0.66,0.666,0.304,0.00566,0.191,0.56
129,5QKRTdqD7dgOIWMYXUmD6J,55,37i9dQZF1DX3kkOVvCOkIe,Anni 80,0.394,0.533,0.474,1.42e-06,0.19,0.422
130,4oMz10yoTbd1Xabgl7D1js,42,37i9dQZF1DX3kkOVvCOkIe,Anni 80,0.5,0.473,0.407,5.93e-05,0.11,0.233
131,0SWD1ivKy2Abg0OHikKpVw,41,37i9dQZF1DX3kkOVvCOkIe,Anni 80,0.404,0.376,0.65,0.0,0.086,0.25
132,2w2VPjwO34HBcWGMejcFAA,55,37i9dQZF1DX3kkOVvCOkIe,Anni 80,0.459,0.251,0.672,1.26e-06,0.054,0.263
133,6WzcFm75LGG797pWdgputo,44,37i9dQZF1DX3kkOVvCOkIe,Anni 80,0.58,0.188,0.755,0.000102,0.0541,0.136
134,6Pm5m45fMlLOJ8pKBHKzSc,43,37i9dQZF1DX3kkOVvCOkIe,Anni 80,0.776,0.537,0.145,5.76e-06,0.0887,0.677
135,775TBYxz24h0wNkxDlfzp5,46,37i9dQZF1DX3kkOVvCOkIe,Anni 80,0.654,0.644,0.298,1.33e-06,0.301,0.657
136,2g3wyAWIAvmjfZ8K6Jb4Zn,54,37i9dQZF1DX3kkOVvCOkIe,Anni 80,0.666,0.515,0.0654,0.0152,0.0687,0.687
137,172A6gbsmyhqcJzzQDUMG5,46,37i9dQZF1DX3kkOVvCOkIe,Anni 80,0.781,0.738,0.0196,0.0,0.36,0.741
138,4JFVL3OMGu4hVkLCTOQk8j,43,37i9dQZF1DX3kkOVvCOkIe,Anni 80,0.681,0.903,0.163,5.64e-05,0.0629,0.862
139,5L4U3XOgp8QUG5bSRtTm2y,39,37i9dQZF1DX3kkOVvCOkIe,Anni 80,0.439,0.879,0.00131,1.26e-05,0.0364,0.678
140,2gq6d9KkrE4RLkjWa3TMVu,52,37i9dQZF1DX3kkOVvCOkIe,Anni 80,0.459,0.424,0.261,0.0,0.115,0.183
141,3nMQMdlNAlPJVwJ6frem76,45,37i9dQZF1DX3kkOVvCOkIe,Anni 80,0.643,0.779,0.58,0.0,0.187,0.684
142,7lhMwmewNFbRl8EuVZ9eFb,59,37i9dQZF1DX3kkOVvCOkIe,Anni 80,0.689,0.533,0.577,2.4e-05,0.262,0.367
143,1QWjTYGEsu3WPcDjzPBWjC,40,37i9dQZF1DX3kkOVvCOkIe,Anni 80,0.579,0.412,0.802,1.49e-05,0.0669,0.26
144,2NR0U5CkpEoV68zlNHtOiJ,43,37i9dQZF1DX3kkOVvCOkIe,Anni 80,0.35,0.199,0.824,0.0057,0.114,0.178
145,6b3QzFpktM9iBopYOneBTo,39,37i9dQZF1DX3kkOVvCOkIe,Anni 80,0.672,0.545,0.652,6.75e-05,0.0545,0.533
146,6fLutWYQE6b4hi4evACwwa,56,37i9dQZF1DX3kkOVvCOkIe,Anni 80,0.645,0.289,0.386,0.00157,0.0854,0.47
147,6HYm04mKq02OtLMf6sGEFR,58,37i9dQZF1DX3kkOVvCOkIe,Anni 80,0.413,0.142,0.759,3.19e-06,0.142,0.164
148,5ZODincIREhQ6RYnoJdXNd,50,37i9dQZF1DX3kkOVvCOkIe,Anni 80,0.616,0.306,0.43,0.0,0.133,0.305
149,4NZwbsmOdKpyxbkeFm69pI,49,37i9dQZF1DX3kkOVvCOkIe,Anni 80,0.561,0.658,0.211,0.0,0.0953,0.379
150,7ChPpJadhPshIgHtk9Urnt,43,37i9dQZF1DX3kkOVvCOkIe,Anni 80,0.724,0.587,0.0357,6.15e-06,0.163,0.837
151,0xZGPXJ0vzeWIcVlwI4jY8,47,37i9dQZF1DX3kkOVvCOkIe,Anni 80,0.727,0.816,0.301,0.0,0.594,0.623
152,5aqLXmh8SpcmR21finoww3,51,37i9dQZF1DX3kkOVvCOkIe,Anni 80,0.458,0.66,0.154,4.45e-05,0.381,0.959
153,4E5V1eKWJSmI3kNLjyxmny,39,37i9dQZF1DX3kkOVvCOkIe,Anni 80,0.515,0.743,0.292,0.00634,0.193,0.432
154,42FUNUTTu4dhDhca834rd6,47,37i9dQZF1DX3kkOVvCOkIe,Anni 80,0.784,0.718,0.0691,9.91e-06,0.571,0.934
155,7bcHU50mENL3al5DhEJc7J,52,37i9dQZF1DX3kkOVvCOkIe,Anni 80,0.669,0.665,0.107,6.12e-05,0.0704,0.887
156,7uQuSHXICONzPv91hqMBmf,50,37i9dQZF1DX3kkOVvCOkIe,Anni 80,0.655,0.443,0.428,3.61e-05,0.0363,0.745
157,5PXaja7dpezSS8nSDsyfb7,43,37i9dQZF1DX3kkOVvCOkIe,Anni 80,0.659,0.72,0.013,0.0,0.311,0.57
158,5YO49mM0oCaAeU6y4Hwziw,41,37i9dQZF1DX3kkOVvCOkIe,Anni 80,0.501,0.508,0.694,0.0,0.108,0.276
159,3jha4vqHSIA88UkvXVTMxT,44,37i9dQZF1DX3kkOVvCOkIe,Anni 80,0.404,0.598,0.319,0.0,0.12,0.238
160,2TRcaf9JMAzMifZ6LcVCmC,50,37i9dQZF1DX3kkOVvCOkIe,Anni 80,0.507,0.272,0.677,0.0171,0.127,0.362
161,6jJyD8pUBYpBCGiUpTLaOd,39,37i9dQZF1DX3kkOVvCOkIe,Anni 80,0.579,0.6,0.295,0.0,0.177,0.465
162,14K0I2XngCqxazt1EfJkZj,39,37i9dQZF1DX3kkOVvCOkIe,Anni 80,0.644,0.72,0.286,0.0,0.132,0.711
163,5HAri7dfAKqA7vTAt8vwMB,41,37i9dQZF1DX3kkOVvCOkIe,Anni 80,0.839,0.902,0.14,0.00363,0.321,0.857
164,18tm5JUv0wMllGkoHMAdnL,45,37i9dQZF1DX3kkOVvCOkIe,Anni 80,0.424,0.752,0.648,0.0,0.669,0.577
165,0EOdowktdF7kczBbqstCfF,42,37i9dQZF1DX3kkOVvCOkIe,Anni 80,0.634,0.439,0.079,0.000221,0.188,0.727
166,3jPIITsDUTcZNCE3Y7dSE6,37,37i9dQZF1DX3kkOVvCOkIe,Anni 80,0.682,0.446,0.725,0.0,0.146,0.294
167,4Ak0UaodK4JW3B8rHIEv3R,45,37i9dQZF1DX3kkOVvCOkIe,Anni 80,0.713,0.799,0.115,5.6e-06,0.242,0.92
168,7sXTcibuNYugjjYNfgf2kY,63,37i9dQZF1DX3kkOVvCOkIe,Anni 80,0.71,0.625,0.489,0.0,0.439,0.814
169,3p7cBuKJZptTsumpOxOxo9,54,37i9dQZF1DX3kkOVvCOkIe,Anni 80,0.393,0.205,0.804,6.72e-06,0.0638,0.0804
170,1p5RfaVSHJhd3SCzBEikDp,40,37i9dQZF1DX3kkOVvCOkIe,Anni 80,0.535,0.588,0.125,2.13e-05,0.123,0.461
171,6LiEjHR58eLtApzomHdkAg,34,37i9dQZF1DX3kkOVvCOkIe,Anni 80,0.669,0.881,0.372,0.000133,0.0805,0.96
172,6FofVmsYAs2FNeOdzQJnnW,54,37i9dQZF1DX3kkOVvCOkIe,Anni 80,0.891,0.707,0.308,1.06e-06,0.188,0.97
173,0C9rBeWAsPhmBeaYKZLN5m,53,37i9dQZF1DX3kkOVvCOkIe,Anni 80,0.677,0.778,0.526,1.54e-05,0.206,0.73
174,0VyVq4tYXvXNnlHYnq4ISb,41,37i9dQZF1DX3kkOVvCOkIe,Anni 80,0.571,0.681,0.0219,0.0,0.178,0.666
175,7GySgVTbBBE7JaNhCTCfS1,37,37i9dQZF1DX3kkOVvCOkIe,Anni 80,0.645,0.469,0.676,0.0,0.186,0.323
176,6r7TYfmeQr6rU7asA1OyZf,51,37i9dQZF1DX3kkOVvCOkIe,Anni 80,0.582,0.678,0.444,0.0,0.139,0.502
177,17v4BXFKtbYmJFPqBgpGla,50,37i9dQZF1DX3kkOVvCOkIe,Anni 80,0.582,0.73,0.157,8.56e-06,0.0612,0.301
178,6OzeWNA1SQgZBw5caqAIKN,55,37i9dQZF1DX3kkOVvCOkIe,Anni 80,0.76,0.561,0.112,5.99e-06,0.0406,0.683
179,5jOAhQaBlo4MsuL6pFjtli,39,37i9dQZF1DX3kkOVvCOkIe,Anni 80,0.542,0.345,0.595,0.0,0.214,0.304
180,5dfhwsPg90wDcNqY4H8FFC,43,37i9dQZF1DX3kkOVvCOkIe,Anni 80,0.36,0.336,0.499,0.0,0.367,0.295
181,7tVEeTbzEJkHP0EqUu6rmf,55,37i9dQZF1DX3kkOVvCOkIe,Anni 80,0.738,0.841,0.522,0.0,0.107,0.789
182,3LashxAsOA6XO85Zi3LafS,52,37i9dQZF1DX3kkOVvCOkIe,Anni 80,0.377,0.383,0.104,0.0209,0.482,0.573
183,11GOQGHOklyufCl04WM8Kc,31,37i9dQZF1DX3kkOVvCOkIe,Anni 80,0.682,0.912,0.458,4.11e-06,0.0578,0.604
184,1S2qIzvjFcbYL6UF9E2MjD,44,37i9dQZF1DX3kkOVvCOkIe,Anni 80,0.565,0.806,0.138,0.000273,0.0736,0.296
185,75YtorH9BgIEl5VfvnXOpf,39,37i9dQZF1DX3kkOVvCOkIe,Anni 80,0.705,0.837,0.0844,0.00019,0.0407,0.868
186,0CWJIpU0D8Bk78H1k7ELC6,35,37i9dQZF1DX3kkOVvCOkIe,Anni 80,0.849,0.649,0.379,9.75e-05,0.0796,0.634
187,4qvkB7tOgSqgSqbpKWGOrO,38,37i9dQZF1DX3kkOVvCOkIe,Anni 80,0.819,0.529,0.522,0.477,0.106,0.661
188,3ShEGKdskF0ke7iW2u9gjD,61,37i9dQZF1DX3kkOVvCOkIe,Anni 80,0.604,0.344,0.313,4.36e-05,0.0815,0.488
189,3KXfXZNNGdYUmHbDOCCLeK,45,37i9dQZF1DX3kkOVvCOkIe,Anni 80,0.725,0.818,0.368,2.46e-05,0.119,0.909
190,4iJG9xmyrUhi4QqXMOZw2y,42,37i9dQZF1DX3kkOVvCOkIe,Anni 80,0.467,0.343,0.487,0.0,0.119,0.385
191,1lxEENvXYLcyWXa4xwWTXl,39,37i9dQZF1DX3kkOVvCOkIe,Anni 80,0.59,0.42,0.222,0.0302,0.0952,0.32
192,1AsCxLAvSfilIM9ubCf89B,53,37i9dQZF1DX3kkOVvCOkIe,Anni 80,0.781,0.72,0.138,0.03,0.0327,0.745
193,27nfrOYTDXfhzDd8Qcy2aj,46,37i9dQZF1DX3kkOVvCOkIe,Anni 80,0.839,0.789,0.0725,0.201,0.0599,0.966
194,3dZHWv3IsAQLzAr7FLJoJA,58,37i9dQZF1DX3kkOVvCOkIe,Anni 80,0.592,0.481,0.229,0.0,0.291,0.641
195,60EEXkcmWxZBtv2GIpngfY,46,37i9dQZF1DX3kkOVvCOkIe,Anni 80,0.677,0.742,0.27,0.0,0.0904,0.96
196,6Wu2lDyCOca3utRf9Dz3C9,46,37i9dQZF1DX3kkOVvCOkIe,Anni 80,0.63,0.597,0.636,0.0,0.122,0.589
197,1pg7tBJm61GLue6KiUE4Mj,38,37i9dQZF1DX3kkOVvCOkIe,Anni 80,0.63,0.836,0.254,0.0,0.197,0.851
198,3Qc7Clf7yjpX3MQ5AZ4XaQ,39,37i9dQZF1DX3kkOVvCOkIe,Anni 80,0.552,0.515,0.376,1.41e-05,0.296,0.656
199,2KRwRHdvkkH4ePljVkmGuX,40,37i9dQZF1DX3kkOVvCOkIe,Anni 80,0.661,0.963,0.0418,0.00133,0.0978,0.938
200,01FLUtJ3RDEnCqRfodGlSL,33,37i9dQZF1DX3kkOVvCOkIe,Anni 80,0.34,0.579,0.674,4.11e-06,0.675,0.346
201,4cQsTxGlz6weYseclKV3AD,35,37i9dQZF1DX3kkOVvCOkIe,Anni 80,0.697,0.814,0.297,0.000566,0.0978,0.973
202,5ALxwREkxrpVSrsCt0zLcu,41,37i9dQZF1DX3kkOVvCOkIe,Anni 80,0.469,0.494,0.431,0.0,0.072,0.479
203,5C0jNs9PPpg1Tz9RZfxpEA,29,37i9dQZF1DX3kkOVvCOkIe,Anni 80,0.647,0.464,0.621,2.72e-06,0.172,0.53
204,4c2ypSbxlEtTNcyJ6uZcdn,43,37i9dQZF1DX3kkOVvCOkIe,Anni 80,0.824,0.897,0.0823,0.334,0.0269,0.962
205,1u8c2t2Cy7UBoG4ArRcF5g,80,37i9dQZF1DX0s5kDXi1oC5,Hit Rewind,0.76,0.703,0.103,0.0,0.0913,0.57
206,7xoUc6faLbCqZO6fQEYprd,78,37i9dQZF1DX0s5kDXi1oC5,Hit Rewind,0.628,0.593,0.093,1.65e-06,0.096,0.104
207,2Bs4jQEGMycglOfWPBqrVG,79,37i9dQZF1DX0s5kDXi1oC5,Hit Rewind,0.536,0.768,0.00433,0.0,0.114,0.545
208,2P91MQbaiQOfbiz9VqhqKQ,83,37i9dQZF1DX0s5kDXi1oC5,Hit Rewind,0.752,0.505,0.535,2.55e-06,0.104,0.419
209,3tyPOhuVnt5zd5kGfxbCyL,74,37i9dQZF1DX0s5kDXi1oC5,Hit Rewind,0.719,0.847,0.00201,0.0204,0.223,0.444
210,42ydLwx4i5V49RXHOozJZq,80,37i9dQZF1DX0s5kDXi1oC5,Hit Rewind,0.319,0.739,0.0285,0.0,0.111,0.449
211,3DmW6y7wTEYHJZlLo1r6XJ,80,37i9dQZF1DX0s5kDXi1oC5,Hit Rewind,0.699,0.529,0.0317,3.59e-05,0.285,0.121
212,6FE2iI43OZnszFLuLtvvmg,81,37i9dQZF1DX0s5kDXi1oC5,Hit Rewind,0.72,0.791,0.0384,0.0,0.157,0.756
213,2K87XMYnUMqLcX3zvtAF4G,80,37i9dQZF1DX0s5kDXi1oC5,Hit Rewind,0.73,0.703,0.109,0.0,0.0657,0.595
214,7fBv7CLKzipRk6EC6TWHOB,85,37i9dQZF1DX0s5kDXi1oC5,Hit Rewind,0.585,0.564,0.0671,0.0,0.135,0.137
215,6rmXhRIemCTPyMYZRDN7Qg,77,37i9dQZF1DX0s5kDXi1oC5,Hit Rewind,0.776,0.875,0.0343,0.0,0.314,0.849
216,3QGsuHI8jO1Rx4JWLUh9jd,81,37i9dQZF1DX0s5kDXi1oC5,Hit Rewind,0.444,0.819,0.106,0.0,0.107,0.747
217,1CQ2cMfrmFM1YdfmjENKVE,73,37i9dQZF1DX0s5kDXi1oC5,Hit Rewind,0.494,0.951,0.000569,0.0,0.327,0.441
218,76cy1WJvNGJTj78UqeA5zr,79,37i9dQZF1DX0s5kDXi1oC5,Hit Rewind,0.836,0.544,0.0403,0.0,0.0824,0.51
219,1qDrWA6lyx8cLECdZE7TV7,80,37i9dQZF1DX0s5kDXi1oC5,Hit Rewind,0.865,0.521,0.548,0.000115,0.0989,0.748
220,47Slg6LuqLaX0VodpSCvPt,79,37i9dQZF1DX0s5kDXi1oC5,Hit Rewind,0.637,0.843,0.0151,0.0,0.0876,0.434
221,514rhnksEwHUh6LxXsQ4Y9,70,37i9dQZF1DX0s5kDXi1oC5,Hit Rewind,0.6,0.683,0.0984,1.26e-06,0.11,0.494
222,3NLnwwAQbbFKcEcV8hDItk,76,37i9dQZF1DX0s5kDXi1oC5,Hit Rewind,0.647,0.823,0.0598,0.0,0.119,0.396
223,4rHZZAmHpZrA3iH5zx8frV,80,37i9dQZF1DX0s5kDXi1oC5,Hit Rewind,0.574,0.512,0.234,0.0,0.0946,0.512
224,5WtfUKzXircvW8l5aaVZWT,81,37i9dQZF1DX0s5kDXi1oC5,Hit Rewind,0.516,0.467,0.662,0.0,0.0853,0.386
225,6KHL1En9v6iNWjcs44mcmU,76,37i9dQZF1DX0s5kDXi1oC5,Hit Rewind,0.529,0.614,0.215,0.0,0.277,0.141
226,72gv4zhNvRVdQA0eOenCal,74,37i9dQZF1DX0s5kDXi1oC5,Hit Rewind,0.715,0.605,0.239,1.41e-05,0.189,0.454
227,7JJmb5XwzOO8jgpou264Ml,81,37i9dQZF1DX0s5kDXi1oC5,Hit Rewind,0.866,0.813,0.38,0.0,0.0779,0.969
228,5Gu0PDLN4YJeW75PpBSg9p,78,37i9dQZF1DX0s5kDXi1oC5,Hit Rewind,0.664,0.708,0.0337,0.0,0.0841,0.742
229,3E7dfMvvCLUddWissuqMwr,79,37i9dQZF1DX0s5kDXi1oC5,Hit Rewind,0.652,0.698,0.00112,0.000115,0.0886,0.47
230,4Ljs6Dvpz7Arf9Ac8RN7tn,64,37i9dQZF1DX0s5kDXi1oC5,Hit Rewind,0.646,0.795,0.0319,0.0,0.267,0.796
231,0ErK6K0kYr0Ow2RkPMhmMs,79,37i9dQZF1DX0s5kDXi1oC5,Hit Rewind,0.773,0.747,0.0242,8.99e-06,0.109,0.801
232,0HMjXBAZmSYOTTi33WpMso,75,37i9dQZF1DX0s5kDXi1oC5,Hit Rewind,0.655,0.699,0.0352,0.0,0.064,0.802
233,5uCax9HTNlzGybIStD3vDh,85,37i9dQZF1DX0s5kDXi1oC5,Hit Rewind,0.358,0.557,0.695,0.0,0.0902,0.494
234,455AfCsOhhLPRc68sE01D8,76,37i9dQZF1DX0s5kDXi1oC5,Hit Rewind,0.649,0.815,0.00125,4.31e-05,0.671,0.765
235,3zkWCteF82vJwv0hRLba76,77,37i9dQZF1DX0s5kDXi1oC5,Hit Rewind,0.746,0.754,0.0152,0.0,0.0486,0.746
236,10GJQkjRJcZhGTLagFOC62,75,37i9dQZF1DX0s5kDXi1oC5,Hit Rewind,0.756,0.572,0.0478,0.0,0.0853,0.417
237,7BKLCZ1jbUBVqRi2FVlTVw,85,37i9dQZF1DX0s5kDXi1oC5,Hit Rewind,0.748,0.524,0.414,0.0,0.111,0.661
238,50kpGaPAhYJ3sGmk6vplg0,82,37i9dQZF1DX0s5kDXi1oC5,Hit Rewind,0.609,0.378,0.835,0.0,0.28,0.515
239,1NDxZ7cFAo481dtYWdrUnR,76,37i9dQZF1DX0s5kDXi1oC5,Hit Rewind,0.703,0.868,0.15,0.132,0.104,0.733
240,2YlZnw2ikdb837oKMKjBkW,79,37i9dQZF1DX0s5kDXi1oC5,Hit Rewind,0.63,0.53,0.4,0.0,0.177,0.417
241,0yvPEnB032fojLfVluFjUv,76,37i9dQZF1DX0s5kDXi1oC5,Hit Rewind,0.706,0.643,0.0242,0.0,0.262,0.885
242,06KyNuuMOX1ROXRhj787tj,80,37i9dQZF1DX0s5kDXi1oC5,Hit Rewind,0.728,0.563,0.621,0.0,0.179,0.352
243,0AS63m1wHv9n4VVRizK6Hc,79,37i9dQZF1DX0s5kDXi1oC5,Hit Rewind,0.555,0.662,0.125,0.0,0.111,0.356
244,4Ce37cRWvM1vIGGynKcs22,77,37i9dQZF1DX0s5kDXi1oC5,Hit Rewind,0.728,0.616,0.378,0.0,0.105,0.508
245,7x5xYW5W42OGPAdHUyyguy,75,37i9dQZF1DX0s5kDXi1oC5,Hit Rewind,0.509,0.671,0.304,0.0,0.0452,0.55
246,0dXNQ8dckG4eYfEtq9zcva,76,37i9dQZF1DX0s5kDXi1oC5,Hit Rewind,0.538,0.804,0.0041,0.0,0.33,0.507
247,55n9yjI6qqXh5F2mYvUc2y,78,37i9dQZF1DX0s5kDXi1oC5,Hit Rewind,0.731,0.445,0.0586,1.96e-05,0.14,0.106
248,3cU2wBxuV6nFiuf6PJZNlC,74,37i9dQZF1DX0s5kDXi1oC5,Hit Rewind,0.655,0.782,0.375,0.0,0.317,0.832
249,6uBhi9gBXWjanegOb2Phh0,77,37i9dQZF1DX0s5kDXi1oC5,Hit Rewind,0.69,0.622,0.253,0.0,0.116,0.544
250,76FZM38RC8XaAjJ77CVTNe,74,37i9dQZF1DX0s5kDXi1oC5,Hit Rewind,0.623,0.734,0.0162,1.9e-06,0.145,0.372
251,2ekn2ttSfGqwhhate0LSR0,81,37i9dQZF1DX0s5kDXi1oC5,Hit Rewind,0.762,0.7,0.00261,1.56e-05,0.153,0.608
252,0laYHRpNTS6i8FXdupHkJ4,77,37i9dQZF1DX0s5kDXi1oC5,Hit Rewind,0.858,0.678,0.0761,0.0,0.0741,0.922
253,1louJpMmzEicAn7lzDalPW,71,37i9dQZF1DX0s5kDXi1oC5,Hit Rewind,0.741,0.667,0.0575,0.0,0.106,0.595
254,37f4ITSlgPX81ad2EvmVQr,79,37i9dQZF1DX0s5kDXi1oC5,Hit Rewind,0.564,0.714,0.0549,0.0,0.155,0.33
255,0tBbt8CrmxbjRP0pueQkyU,80,37i9dQZF1DX0s5kDXi1oC5,Hit Rewind,0.724,0.804,0.124,0.0,0.204,0.306
256,0PDUDa38GO8lMxLCRc4lL1,78,37i9dQZF1DX0s5kDXi1oC5,Hit Rewind,0.584,0.7,0.117,0.0,0.0939,0.438
257,09CtPGIpYB4BrO8qb1RGsF,80,37i9dQZF1DX0s5kDXi1oC5,Hit Rewind,0.654,0.76,0.0797,0.0,0.299,0.41
258,2qT1uLXPVPzGgFOx4jtEuo,79,37i9dQZF1DX0s5kDXi1oC5,Hit Rewind,0.699,0.713,0.04,3.11e-06,0.294,0.354
259,0nJW01T7XtvILxQgC5J7Wh,84,37i9dQZF1DX0s5kDXi1oC5,Hit Rewind,0.612,0.28,0.932,0.0,0.088,0.387
260,3zHq9ouUJQFQRf3cm1rRLu,78,37i9dQZF1DX0s5kDXi1oC5,Hit Rewind,0.262,0.606,0.247,0.0,0.125,0.275
261,6RtPijgfPKROxEzTHNRiDp,80,37i9dQZF1DX0s5kDXi1oC5,Hit Rewind,0.773,0.758,0.0422,0.0,0.305,0.925
262,7iDa6hUg2VgEL1o1HjmfBn,78,37i9dQZF1DX0s5kDXi1oC5,Hit Rewind,0.643,0.783,0.047,0.0,0.083,0.579
263,2iuZJX9X9P0GKaE93xcPjk,81,37i9dQZF1DX0s5kDXi1oC5,Hit Rewind,0.748,0.788,0.0591,0.0,0.0863,0.884
264,4My8w8AA1JpG6E5SiAPvJL,75,37i9dQZF1DX0s5kDXi1oC5,Hit Rewind,0.637,0.93,0.0177,0.0,0.452,0.886
265,4B0JvthVoAAuygILe3n4Bs,77,37i9dQZF1DX0s5kDXi1oC5,Hit Rewind,0.845,0.567,0.59,0.00142,0.0811,0.793
266,0KKkJNfGyhkQ5aFogxQAPU,83,37i9dQZF1DX0s5kDXi1oC5,Hit Rewind,0.853,0.56,0.013,0.0,0.0944,0.86
267,1rIKgCH4H52lrvDcz50hS8,78,37i9dQZF1DX0s5kDXi1oC5,Hit Rewind,0.694,0.712,0.132,0.0,0.211,0.799
268,235LXPXfi0SmOaS9TaCh3c,66,37i9dQZF1DX0s5kDXi1oC5,Hit Rewind,0.719,0.798,0.0162,2.34e-06,0.134,0.591
269,5OCJzvD7sykQEKHH7qAC3C,80,37i9dQZF1DX0s5kDXi1oC5,Hit Rewind,0.602,0.658,0.0233,6e-05,0.237,0.268
270,0GxQ1A5L9xnMOytbP6eKBG,72,37i9dQZF1DX0s5kDXi1oC5,Hit Rewind,0.799,0.597,0.0788,5.66e-06,0.1,0.419
271,37R0bQOQj5a7DOqh1TGzvB,71,37i9dQZF1DX0s5kDXi1oC5,Hit Rewind,0.667,0.613,0.403,0.0,0.115,0.47
272,6hmhG1b4LEyNuashVvuIAo,75,37i9dQZF1DX0s5kDXi1oC5,Hit Rewind,0.583,0.732,0.00312,9.86e-06,0.269,0.276
273,2cOUlop2ZakjOKe4WinesN,76,37i9dQZF1DX0s5kDXi1oC5,Hit Rewind,0.735,0.425,0.011,0.0,0.055,0.848
274,0cqRj7pUJDkTCEsJkx8snD,78,37i9dQZF1DX0s5kDXi1oC5,Hit Rewind,0.647,0.8,0.0647,0.0,0.334,0.942
275,3w3y8KPTfNeOKPiqUTakBh,84,37i9dQZF1DX0s5kDXi1oC5,Hit Rewind,0.726,0.698,0.049,0.0,0.309,0.867
276,20I6sIOMTCkB6w7ryavxtO,79,37i9dQZF1DX0s5kDXi1oC5,Hit Rewind,0.783,0.58,0.0114,2.28e-06,0.108,0.66
277,7hDVYcQq6MxkdJGweuCtl9,81,37i9dQZF1DX0s5kDXi1oC5,Hit Rewind,0.511,0.363,0.816,0.0317,0.084,0.169
278,4OafepJy2teCjYJbvFE60J,74,37i9dQZF1DX0s5kDXi1oC5,Hit Rewind,0.568,0.656,0.0211,1.37e-05,0.213,0.364
279,1Vv0MPcooEoQzVZYfKMgKW,68,37i9dQZF1DX0s5kDXi1oC5,Hit Rewind,0.649,0.79,0.0167,0.0,0.255,0.458
280,3z5V7oSggDeCPeEGiCIu83,57,37i9dQZF1DXcb7YJnr6Ck4,Lavorare con la musica,0.623,0.236,0.864,0.0,0.148,0.349
281,4bsHm0TWnCY7tTp65eQLLR,29,37i9dQZF1DXcb7YJnr6Ck4,Lavorare con la musica,0.497,0.126,0.943,0.000271,0.104,0.356
282,6OtBIOTGkUT3ok8YXxs0Wl,56,37i9dQZF1DXcb7YJnr6Ck4,Lavorare con la musica,0.717,0.292,0.796,0.0,0.126,0.502
283,4JYrpizOk0BX6BSKb0GU10,48,37i9dQZF1DXcb7YJnr6Ck4,Lavorare con la musica,0.327,0.385,0.869,0.00928,0.0597,0.312
284,4r4aTOJc7K3iUIU3MEPw6I,59,37i9dQZF1DXcb7YJnr6Ck4,Lavorare con la musica,0.664,0.177,0.856,0.0,0.136,0.29
285,2JrSlOdxkzlJEAOPgIUhAj,57,37i9dQZF1DXcb7YJnr6Ck4,Lavorare con la musica,0.711,0.195,0.809,0.0,0.119,0.369
286,2nBrIzKacrNdIxs90FlsT1,56,37i9dQZF1DXcb7YJnr6Ck4,Lavorare con la musica,0.494,0.214,0.92,1.07e-05,0.107,0.35
287,6TYlDTa9AQDvjqwbxlvFyI,68,37i9dQZF1DXcb7YJnr6Ck4,Lavorare con la musica,0.372,0.355,0.754,0.0,0.167,0.142
288,1ERCrZMVMSpqDW4zmr4sRc,57,37i9dQZF1DXcb7YJnr6Ck4,Lavorare con la musica,0.51,0.229,0.86,3.03e-05,0.118,0.107
289,7vg5fesQdq5I7Z7XGdyJd5,52,37i9dQZF1DXcb7YJnr6Ck4,Lavorare con la musica,0.596,0.195,0.926,0.0,0.139,0.176
290,30rvG8w7qtOnsqiUk6JSvE,47,37i9dQZF1DXcb7YJnr6Ck4,Lavorare con la musica,0.39,0.333,0.851,0.0187,0.104,0.0517
291,18PrtmAcNMgZNy1edWuXGb,57,37i9dQZF1DXcb7YJnr6Ck4,Lavorare con la musica,0.643,0.11,0.876,1.38e-05,0.112,0.152
292,5Kfbof2USqmBaEgRHd0VTk,50,37i9dQZF1DXcb7YJnr6Ck4,Lavorare con la musica,0.436,0.287,0.84,0.0,0.118,0.443
293,352UHNRKcQBaGKReDvtyM4,52,37i9dQZF1DXcb7YJnr6Ck4,Lavorare con la musica,0.519,0.228,0.861,0.0,0.102,0.398
294,2Z7UF5qoyCU6Ksnf6aTMOs,50,37i9dQZF1DXcb7YJnr6Ck4,Lavorare con la musica,0.402,0.216,0.919,0.0,0.318,0.278
295,0v1yN5C75um5Wx2WPtFl6k,55,37i9dQZF1DXcb7YJnr6Ck4,Lavorare con la musica,0.568,0.213,0.955,0.0,0.113,0.302
296,7pmFKH0FGGZrdss5qRd3lk,38,37i9dQZF1DXcb7YJnr6Ck4,Lavorare con la musica,0.386,0.356,0.894,0.0,0.11,0.188
297,4zYkSXrfgJyrNkNv3mTiIZ,54,37i9dQZF1DXcb7YJnr6Ck4,Lavorare con la musica,0.541,0.192,0.893,0.0,0.193,0.317
298,7d3s1XpWyIHZq20ie2ghSp,50,37i9dQZF1DXcb7YJnr6Ck4,Lavorare con la musica,0.553,0.229,0.861,0.0,0.103,0.231
299,4jaWgF0XRhjp8NI0q4UQSa,47,37i9dQZF1DXcb7YJnr6Ck4,Lavorare con la musica,0.533,0.349,0.864,0.00407,0.101,0.236
300,0KAFjeQ6jpmtKP4CW9m5X6,45,37i9dQZF1DXcb7YJnr6Ck4,Lavorare con la musica,0.656,0.3,0.87,0.0,0.0956,0.369
301,0TziqLMlv3abspIvcEmxcY,70,37i9dQZF1DXcb7YJnr6Ck4,Lavorare con la musica,0.566,0.586,0.0171,0.0,0.202,0.428
302,5wMeDEn5Jt84L94MZQDBWg,52,37i9dQZF1DXcb7YJnr6Ck4,Lavorare con la musica,0.744,0.0953,0.751,4.2e-06,0.108,0.371
303,5kGEZyHyfKdyg4IktX1ekz,32,37i9dQZF1DXcb7YJnr6Ck4,Lavorare con la musica,0.351,0.363,0.237,7.47e-05,0.147,0.0634
304,0nXqnXFlnJwjhXDTbZDuav,51,37i9dQZF1DXcb7YJnr6Ck4,Lavorare con la musica,0.71,0.513,0.116,0.00124,0.104,0.248
305,1TQXIltqoZ5XXyfCbAeSQQ,79,37i9dQZF1DXcb7YJnr6Ck4,Lavorare con la musica,0.629,0.328,0.768,2.5e-05,0.103,0.389
306,6ZyZGbujKBzxfzcjVOvGW5,59,37i9dQZF1DXcb7YJnr6Ck4,Lavorare con la musica,0.648,0.704,0.833,0.000252,0.362,0.438
307,674WNL7f5Xo8XxtipzB3ao,50,37i9dQZF1DXcb7YJnr6Ck4,Lavorare con la musica,0.634,0.176,0.931,1.6e-06,0.136,0.336
308,6XDOFMTKoydw1z91btaNqk,43,37i9dQZF1DXcb7YJnr6Ck4,Lavorare con la musica,0.516,0.445,0.865,0.0201,0.103,0.129
309,2ELlf8umxPooibFXRL3jFh,28,37i9dQZF1DXcb7YJnr6Ck4,Lavorare con la musica,0.676,0.129,0.972,1.21e-05,0.0912,0.256
310,6JiJFGJOTJkQRoedadMhN8,50,37i9dQZF1DXcb7YJnr6Ck4,Lavorare con la musica,0.43,0.196,0.974,0.947,0.113,0.198
311,00IPZgU8xFEGwUCssQK4q0,45,37i9dQZF1DXcb7YJnr6Ck4,Lavorare con la musica,0.523,0.316,0.619,3.22e-05,0.163,0.235
312,0LHm4kBHO8rFmjoCVu5MN8,50,37i9dQZF1DXcb7YJnr6Ck4,Lavorare con la musica,0.763,0.32,0.863,4.24e-06,0.082,0.678
313,4vf1WcZayO3JBuVwSS9tzL,56,37i9dQZF1DXcb7YJnr6Ck4,Lavorare con la musica,0.473,0.356,0.648,0.00957,0.101,0.211
314,1NWvbQI3bNfPxbxF9OQ1Ek,56,37i9dQZF1DXcb7YJnr6Ck4,Lavorare con la musica,0.526,0.318,0.852,0.0,0.0974,0.165
315,2JTJV2juDdUFYkgUeQtoLy,27,37i9dQZF1DXcb7YJnr6Ck4,Lavorare con la musica,0.446,0.354,0.912,2.06e-06,0.12,0.275
316,1uRPgVfBWmBNmrFFrQCzOi,42,37i9dQZF1DXcb7YJnr6Ck4,Lavorare con la musica,0.633,0.2,0.969,0.887,0.124,0.495
317,68UBw70aGYCHPu0vxGMsvV,25,37i9dQZF1DXcb7YJnr6Ck4,Lavorare con la musica,0.391,0.0211,0.995,0.916,0.119,0.292
318,6If4a7ytTXliui3vJVi9px,50,37i9dQZF1DXcb7YJnr6Ck4,Lavorare con la musica,0.541,0.144,0.858,0.00237,0.129,0.123
319,4yzgJXvWFXWGLd4vQMYo9p,50,37i9dQZF1DXcb7YJnr6Ck4,Lavorare con la musica,0.287,0.363,0.374,0.00011,0.362,0.0886
320,5pcjystBtalYeqaiXCcgEY,73,37i9dQZF1DXcb7YJnr6Ck4,Lavorare con la musica,0.589,0.496,0.818,0.0,0.101,0.44
321,173YFoJtllaXjALrFxr7LY,36,37i9dQZF1DXcb7YJnr6Ck4,Lavorare con la musica,0.467,0.0897,0.962,0.0023,0.111,0.136
322,1iNCjUDVzuWpOEC9ELSdwW,51,37i9dQZF1DXcb7YJnr6Ck4,Lavorare con la musica,0.377,0.283,0.594,0.000472,0.167,0.0796
323,6n8QYU46m0dO6HIKG0GN8S,45,37i9dQZF1DXcb7YJnr6Ck4,Lavorare con la musica,0.433,0.349,0.879,0.0,0.242,0.357
324,4ld2TeVRlaYNHWzi52dWsZ,40,37i9dQZF1DXcb7YJnr6Ck4,Lavorare con la musica,0.27,0.463,0.911,0.013,0.0835,0.0557
325,6yKkgZBuakFy6SPtsZBR5H,58,37i9dQZF1DXcb7YJnr6Ck4,Lavorare con la musica,0.665,0.524,0.502,0.0,0.124,0.215
326,3VAro3gS4zjRPFfj9SLeRG,41,37i9dQZF1DXcb7YJnr6Ck4,Lavorare con la musica,0.723,0.581,0.0851,0.000511,0.0672,0.321
327,1ir0M7NQAr7r5mLit1xUq3,48,37i9dQZF1DXcb7YJnr6Ck4,Lavorare con la musica,0.45,0.211,0.811,0.0,0.106,0.162
328,0Wc6cbF38a90b8wov9V63F,67,37i9dQZF1DXcb7YJnr6Ck4,Lavorare con la musica,0.633,0.242,0.515,0.0,0.0839,0.694
329,0X61Ud5Uzv44RvY3s1SsuO,55,37i9dQZF1DXcb7YJnr6Ck4,Lavorare con la musica,0.493,0.584,0.85,0.000353,0.114,0.234
330,2R0Z1JwgoCsBeoWErbAHgs,58,37i9dQZF1DXcb7YJnr6Ck4,Lavorare con la musica,0.587,0.36,0.586,0.0,0.117,0.408
331,400rP1IUtE0joH1dQRwIof,30,37i9dQZF1DXcb7YJnr6Ck4,Lavorare con la musica,0.619,0.643,0.201,1.46e-05,0.13,0.385
332,1vXgFXrWtj0tGRo0pjdiOr,56,37i9dQZF1DXcb7YJnr6Ck4,Lavorare con la musica,0.512,0.367,0.268,0.0,0.432,0.493
333,2SDswD3RdceDWthkgCrCCU,73,37i9dQZF1DXcb7YJnr6Ck4,Lavorare con la musica,0.603,0.618,0.0232,0.0,0.118,0.323
334,66MxyiQy54baNhSyg3wiIn,53,37i9dQZF1DXcb7YJnr6Ck4,Lavorare con la musica,0.376,0.172,0.958,0.0,0.354,0.347
335,2ynBghJiu4H9qGoXhuFS8x,59,37i9dQZF1DXcb7YJnr6Ck4,Lavorare con la musica,0.58,0.662,0.123,0.000131,0.138,0.406
336,0gySkOOewOdZtHG8stPEB8,64,37i9dQZF1DXcb7YJnr6Ck4,Lavorare con la musica,0.618,0.428,0.592,0.0,0.192,0.359
337,4Ffh52csT3bI7hVoih1vo1,53,37i9dQZF1DXcb7YJnr6Ck4,Lavorare con la musica,0.584,0.273,0.853,0.000109,0.102,0.47
338,0TLCPkmCBAasQwXpfwsS8J,23,37i9dQZF1DXcb7YJnr6Ck4,Lavorare con la musica,0.697,0.716,0.00425,0.000186,0.117,0.581
339,52iLDrSoRtf9lcgFuLVfqE,71,37i9dQZF1DXcb7YJnr6Ck4,Lavorare con la musica,0.681,0.292,0.743,0.0,0.0974,0.162
340,6cWpGXt8X3WqHYnnDeNiKV,50,37i9dQZF1DXcb7YJnr6Ck4,Lavorare con la musica,0.625,0.33,0.895,0.0,0.121,0.548
341,2nGxQGFY9xFkPKqLu6BctW,37,37i9dQZF1DXcb7YJnr6Ck4,Lavorare con la musica,0.612,0.494,0.381,2.14e-06,0.173,0.405
342,3p7lnjj03QtafdUATEUOoO,26,37i9dQZF1DXcb7YJnr6Ck4,Lavorare con la musica,0.746,0.577,0.272,0.00348,0.284,0.664
343,1p23AgfXaOjpUSxqPowX8x,43,37i9dQZF1DXcb7YJnr6Ck4,Lavorare con la musica,0.577,0.123,0.977,0.924,0.0594,0.366
344,0653Mr19pKTqIehqHP9KKh,44,37i9dQZF1DXcb7YJnr6Ck4,Lavorare con la musica,0.743,0.177,0.721,0.0,0.138,0.462
345,6zfnBMgKbg2KuMTHVVsMdH,23,37i9dQZF1DXcb7YJnr6Ck4,Lavorare con la musica,0.449,0.337,0.0271,0.000214,0.207,0.101
346,5MZYOtR8fcaZoWzweBNdMm,57,37i9dQZF1DXcb7YJnr6Ck4,Lavorare con la musica,0.627,0.246,0.788,0.0,0.118,0.52
347,73FGoCU9GtnqpdKmnIcci2,48,37i9dQZF1DXcb7YJnr6Ck4,Lavorare con la musica,0.816,0.409,0.862,0.0,0.15,0.898
348,4ysVx7wS2J8dvk77ON8jVI,44,37i9dQZF1DXcb7YJnr6Ck4,Lavorare con la musica,0.614,0.465,0.48,0.914,0.098,0.103
349,2mFu7rYJCRZOgQB72EQXjg,33,37i9dQZF1DXcb7YJnr6Ck4,Lavorare con la musica,0.762,0.235,0.872,0.0,0.149,0.463
350,0ycwEudbpzRDhKNGayhqPC,33,37i9dQZF1DXcb7YJnr6Ck4,Lavorare con la musica,0.353,0.107,0.88,1.79e-06,0.116,0.152
351,6mbmM02Qh88ngqNfE4z088,34,37i9dQZF1DXcb7YJnr6Ck4,Lavorare con la musica,0.774,0.211,0.772,2.99e-05,0.116,0.174
352,76vWvM44jeCgBKryBaLcqe,53,37i9dQZF1DXcb7YJnr6Ck4,Lavorare con la musica,0.674,0.449,0.566,0.0,0.133,0.159
353,1DdgQ6y5B1rPQgStQ6hprS,38,37i9dQZF1DXcb7YJnr6Ck4,Lavorare con la musica,0.445,0.415,0.413,0.0,0.0978,0.389
354,6vG1pcmNGdG6Vu62I9nLGL,51,37i9dQZF1DXcb7YJnr6Ck4,Lavorare con la musica,0.348,0.226,0.962,0.00483,0.135,0.173
355,5ara7YRzxZ27IwmPWEoNkr,52,37i9dQZF1DX3EvTrESVmN6,Cantautorato Italiano,0.578,0.537,0.304,4.96e-06,0.189,0.378
356,5BXll50NAAlzpcWqFUWevd,54,37i9dQZF1DX3EvTrESVmN6,Cantautorato Italiano,0.486,0.652,0.123,0.0,0.0748,0.752
357,3sc9YIcDSPCXsQ0zzX3JLW,65,37i9dQZF1DX3EvTrESVmN6,Cantautorato Italiano,0.481,0.391,0.191,9.64e-06,0.201,0.357
358,2pWzPQ2lhuEE2sb3aPKMHX,57,37i9dQZF1DX3EvTrESVmN6,Cantautorato Italiano,0.591,0.379,0.069,1.98e-05,0.0923,0.49
359,2w2VPjwO34HBcWGMejcFAA,55,37i9dQZF1DX3EvTrESVmN6,Cantautorato Italiano,0.459,0.251,0.672,1.26e-06,0.054,0.263
360,5bOE9NDX7dO6q7ZzGKXhiT,56,37i9dQZF1DX3EvTrESVmN6,Cantautorato Italiano,0.615,0.577,0.271,0.0,0.113,0.406
361,6XLq0b557873yQsYATC0Hz,53,37i9dQZF1DX3EvTrESVmN6,Cantautorato Italiano,0.447,0.648,0.252,3.83e-06,0.2,0.569
362,6JYbHb1PuMdQXifYzQpBhe,53,37i9dQZF1DX3EvTrESVmN6,Cantautorato Italiano,0.403,0.486,0.86,2.7e-05,0.135,0.3
363,12SccVj2Jqibxc1zRuUzTC,60,37i9dQZF1DX3EvTrESVmN6,Cantautorato Italiano,0.262,0.634,0.531,0.000417,0.146,0.214
364,5w7v7XN59gS517MfI2QWdi,48,37i9dQZF1DX3EvTrESVmN6,Cantautorato Italiano,0.534,0.454,0.535,5.35e-05,0.416,0.565
365,6OVTR9jqJj6tlJiADrNq0F,56,37i9dQZF1DX3EvTrESVmN6,Cantautorato Italiano,0.513,0.471,0.297,0.0,0.119,0.638
366,2T2t1DXwzdilKF3BQPHREo,58,37i9dQZF1DX3EvTrESVmN6,Cantautorato Italiano,0.31,0.137,0.731,0.000254,0.429,0.112
367,5nRDOsITlnO6fAEJBd8lef,55,37i9dQZF1DX3EvTrESVmN6,Cantautorato Italiano,0.568,0.638,0.0773,4.11e-06,0.157,0.233
368,4AHYOkXx4thKp2nlfTimFh,47,37i9dQZF1DX3EvTrESVmN6,Cantautorato Italiano,0.791,0.767,0.123,0.0,0.0695,0.598
369,1HVMNGm6RhLKbqRl0cQa3A,53,37i9dQZF1DX3EvTrESVmN6,Cantautorato Italiano,0.559,0.732,0.158,0.0,0.134,0.563
370,1DFFUsN49AUonUcTiQNnjI,50,37i9dQZF1DX3EvTrESVmN6,Cantautorato Italiano,0.68,0.492,0.177,5.63e-05,0.201,0.595
371,2Mc4mdbLGW4ti1Ai6PEFp7,49,37i9dQZF1DX3EvTrESVmN6,Cantautorato Italiano,0.856,0.379,0.762,0.139,0.116,0.493
372,7lhMwmewNFbRl8EuVZ9eFb,59,37i9dQZF1DX3EvTrESVmN6,Cantautorato Italiano,0.689,0.533,0.577,2.4e-05,0.262,0.367
373,1myKwR6JbIvo1iKY8nOzbc,56,37i9dQZF1DX3EvTrESVmN6,Cantautorato Italiano,0.416,0.668,0.0154,0.000635,0.248,0.28
374,7oMi6ydcI76S596jHa6yqF,51,37i9dQZF1DX3EvTrESVmN6,Cantautorato Italiano,0.551,0.539,0.766,3.72e-05,0.343,0.539
375,515XcapFOMtOOiGU31UqNp,56,37i9dQZF1DX3EvTrESVmN6,Cantautorato Italiano,0.5,0.405,0.62,7.81e-06,0.106,0.416
376,3OmkSLoCJEX505kQOZJg1K,54,37i9dQZF1DX3EvTrESVmN6,Cantautorato Italiano,0.318,0.499,0.754,0.0,0.466,0.269
377,0yLEo7X7tJnyzEIITgexV7,55,37i9dQZF1DX3EvTrESVmN6,Cantautorato Italiano,0.355,0.544,0.801,0.0107,0.138,0.309
378,5l3Vi9Bjrw0qIN8VgC4EQs,52,37i9dQZF1DX3EvTrESVmN6,Cantautorato Italiano,0.332,0.31,0.562,0.000118,0.111,0.338
379,0GAcEsQhbFiXdKX27Zahgp,46,37i9dQZF1DX3EvTrESVmN6,Cantautorato Italiano,0.726,0.694,0.411,2.69e-05,0.105,0.32
380,51L755MgFBI5Eu0LlwPXM2,50,37i9dQZF1DX3EvTrESVmN6,Cantautorato Italiano,0.545,0.879,0.333,1.77e-06,0.11,0.483
381,5uI7IshehWcKuN6HYjxBtO,51,37i9dQZF1DX3EvTrESVmN6,Cantautorato Italiano,0.566,0.31,0.277,1.1e-06,0.332,0.346
382,2buPtPaKomtwoT8YvxO13f,56,37i9dQZF1DX3EvTrESVmN6,Cantautorato Italiano,0.559,0.395,0.192,0.0,0.116,0.701
383,7kZWWuvRJNvjxLS9lNf3J3,56,37i9dQZF1DX3EvTrESVmN6,Cantautorato Italiano,0.459,0.602,0.0863,1.27e-05,0.145,0.159
384,7aoAxvO9VBM5hy8hYCpvkA,52,37i9dQZF1DX3EvTrESVmN6,Cantautorato Italiano,0.553,0.707,0.0815,2.25e-05,0.112,0.419
385,5XAGVMePJNaXHcdRN578Xi,56,37i9dQZF1DX3EvTrESVmN6,Cantautorato Italiano,0.496,0.437,0.491,4.94e-06,0.0998,0.547
386,2Jpikj1YZnA4XQYVU8yD4z,50,37i9dQZF1DX3EvTrESVmN6,Cantautorato Italiano,0.382,0.407,0.806,2.09e-06,0.16,0.36
387,1L9m2l2lhXgQ3GwmmCx3OK,59,37i9dQZF1DX3EvTrESVmN6,Cantautorato Italiano,0.647,0.642,0.15,0.0,0.272,0.704
388,1jRpaRzkH54WWxnGP35Mkn,53,37i9dQZF1DX3EvTrESVmN6,Cantautorato Italiano,0.686,0.535,0.291,0.000146,0.126,0.511
389,6JXlccLNpK7F2XFwHuMy23,58,37i9dQZF1DX3EvTrESVmN6,Cantautorato Italiano,0.457,0.49,0.634,1.9e-06,0.118,0.356
390,4tKiqgP4hiFNSCDeoaNctg,53,37i9dQZF1DX3EvTrESVmN6,Cantautorato Italiano,0.409,0.183,0.66,0.0,0.0336,0.297
391,6fB3Wy1x9EdhfFwqy8lJcZ,53,37i9dQZF1DX3EvTrESVmN6,Cantautorato Italiano,0.554,0.869,0.209,0.0,0.0495,0.718
392,2wcfoB1fYTDaLdV4RqA42H,52,37i9dQZF1DX3EvTrESVmN6,Cantautorato Italiano,0.594,0.475,0.757,0.0,0.112,0.301
393,7B09xj4jnG1763TWkVxazM,53,37i9dQZF1DX3EvTrESVmN6,Cantautorato Italiano,0.336,0.513,0.112,0.0,0.105,0.55
394,2D6t8TtB1cpgXK1L1fJ5P5,52,37i9dQZF1DX3EvTrESVmN6,Cantautorato Italiano,0.479,0.663,0.636,0.0,0.131,0.328
395,0LcyAWgNU4vk3Sn1DNtifk,56,37i9dQZF1DX3EvTrESVmN6,Cantautorato Italiano,0.545,0.709,0.229,0.0,0.0866,0.418
396,2TRcaf9JMAzMifZ6LcVCmC,50,37i9dQZF1DX3EvTrESVmN6,Cantautorato Italiano,0.507,0.272,0.677,0.0171,0.127,0.362
397,1RHsmfhU7x3uW7X1FcMpxF,51,37i9dQZF1DX3EvTrESVmN6,Cantautorato Italiano,0.699,0.622,0.358,0.000249,0.0533,0.331
398,3yGyWqmw9eCQPdJJ6iJLWs,55,37i9dQZF1DX3EvTrESVmN6,Cantautorato Italiano,0.596,0.305,0.891,1.94e-06,0.192,0.782
399,7laNkNLlUbNslPAi8HB1IS,54,37i9dQZF1DX3EvTrESVmN6,Cantautorato Italiano,0.424,0.378,0.0721,0.0739,0.17,0.06
400,2SvXqxiG2ntfkEWvuABT7u,58,37i9dQZF1DX3EvTrESVmN6,Cantautorato Italiano,0.429,0.219,0.355,2.69e-06,0.106,0.0778
401,3KPEhB7AbIkDRy93rtZgJA,44,37i9dQZF1DX3EvTrESVmN6,Cantautorato Italiano,0.562,0.35,0.531,0.0,0.127,0.553
402,17u13Lzj9wCvRKGHyLwr54,57,37i9dQZF1DX3EvTrESVmN6,Cantautorato Italiano,0.528,0.586,0.185,0.000154,0.0575,0.305
403,6eQ68Gkpa5wsPaNpMWKI9x,53,37i9dQZF1DX3EvTrESVmN6,Cantautorato Italiano,0.725,0.52,0.67,0.0293,0.0763,0.444
404,28lZSZTZjIuoO07nACvfNo,56,37i9dQZF1DX3EvTrESVmN6,Cantautorato Italiano,0.675,0.588,0.736,1.03e-05,0.135,0.732
405,6HYm04mKq02OtLMf6sGEFR,58,37i9dQZF1DX3EvTrESVmN6,Cantautorato Italiano,0.413,0.142,0.759,3.19e-06,0.142,0.164
406,0ZuQqcAPNEYyUxs614BzMr,51,37i9dQZF1DX3EvTrESVmN6,Cantautorato Italiano,0.645,0.466,0.181,7.61e-05,0.128,0.535
407,3R8BUVpkyfkDBeXQAFH1mw,51,37i9dQZF1DX3EvTrESVmN6,Cantautorato Italiano,0.322,0.175,0.727,3.67e-05,0.121,0.135
408,0anCVqUez0PzhvZw0dzV8h,49,37i9dQZF1DX3EvTrESVmN6,Cantautorato Italiano,0.679,0.436,0.234,1.34e-05,0.44,0.35
409,4n4B9IP9rvZspP0O5uqM2Z,55,37i9dQZF1DX3EvTrESVmN6,Cantautorato Italiano,0.709,0.781,0.398,3.65e-05,0.274,0.469
410,6hwawJtSqgzNfYfLfqTv2p,56,37i9dQZF1DX3EvTrESVmN6,Cantautorato Italiano,0.548,0.513,0.723,0.0,0.0615,0.601
411,4TvXV9Adc1schud1QDwnZe,49,37i9dQZF1DX3EvTrESVmN6,Cantautorato Italiano,0.523,0.448,0.694,0.0,0.0624,0.211
412,4hJSzUREpdDo8uhgEflbHr,60,37i9dQZF1DX3EvTrESVmN6,Cantautorato Italiano,0.666,0.621,0.289,0.000536,0.103,0.52
413,7N1SQcqAkSvUgnlvrU0Et8,52,37i9dQZF1DX3EvTrESVmN6,Cantautorato Italiano,0.399,0.466,0.246,0.0455,0.0621,0.341
414,1kcFswKwG0lhRHXRvWB4hG,42,37i9dQZF1DX3EvTrESVmN6,Cantautorato Italiano,0.573,0.578,0.324,0.0,0.12,0.792
415,1mm53EPuBqamMLCr0AoCQS,53,37i9dQZF1DX3EvTrESVmN6,Cantautorato Italiano,0.552,0.771,0.508,0.00175,0.297,0.138
416,39ARgMyOL9vloLrObmD1Py,53,37i9dQZF1DX3EvTrESVmN6,Cantautorato Italiano,0.612,0.785,0.459,6.99e-06,0.198,0.655
417,5odtVIhEujejNnxSJCgpCa,53,37i9dQZF1DX3EvTrESVmN6,Cantautorato Italiano,0.339,0.191,0.648,6.95e-06,0.0739,0.255
418,4lJpy10HgdXwVmetgwjGkH,53,37i9dQZF1DX3EvTrESVmN6,Cantautorato Italiano,0.871,0.682,0.701,0.0,0.132,0.938
419,34E4gEdUXC7chzXMVkTyks,45,37i9dQZF1DX3EvTrESVmN6,Cantautorato Italiano,0.664,0.822,0.162,1.59e-06,0.0986,0.888
420,0OrdWM6ZAWvU4JctmGxzSo,43,37i9dQZF1DX3EvTrESVmN6,Cantautorato Italiano,0.324,0.0793,0.948,4.01e-06,0.163,0.396
421,37C6DyoMu75ViTiwqxV4bY,52,37i9dQZF1DX3EvTrESVmN6,Cantautorato Italiano,0.231,0.288,0.727,0.000451,0.157,0.282
422,2W3kEYBdN8UTHH5GRzYvGC,49,37i9dQZF1DX3EvTrESVmN6,Cantautorato Italiano,0.731,0.527,0.12,0.000169,0.0812,0.772
423,7yWrz5tbl9zaycoJESogO1,47,37i9dQZF1DX3EvTrESVmN6,Cantautorato Italiano,0.537,0.537,0.0165,0.0,0.0919,0.542
424,2f9q7MMH5hRU8kiJH6tlix,50,37i9dQZF1DX3EvTrESVmN6,Cantautorato Italiano,0.399,0.195,0.636,0.00554,0.0812,0.187
425,6C7oJFOk0WX01wH1KMebaY,46,37i9dQZF1DX3EvTrESVmN6,Cantautorato Italiano,0.398,0.362,0.773,0.0128,0.155,0.509
426,22NgXItkvlsvoIxUg8om07,47,37i9dQZF1DX3EvTrESVmN6,Cantautorato Italiano,0.578,0.834,0.232,3.01e-05,0.105,0.634
427,5gIFZiFLz4Uc90TqmcTvPd,46,37i9dQZF1DX3EvTrESVmN6,Cantautorato Italiano,0.228,0.262,0.867,1.06e-05,0.115,0.172
428,2eqKaF9zznD2WWrgAeoq8n,51,37i9dQZF1DX3EvTrESVmN6,Cantautorato Italiano,0.642,0.327,0.764,0.00255,0.119,0.37
429,7sqe3wHYxbECTq3EIvmWDo,31,37i9dQZF1DX3EvTrESVmN6,Cantautorato Italiano,0.626,0.492,0.42,0.00489,0.52,0.274
430,4tRt91OQSbE9eFA3RwgqSd,59,37i9dQZF1DWXfoktQogiu0,Inverno,0.52,0.48,0.61,0.0344,0.107,0.405
431,0E4Y1XIbs8GrAT1YqVy6dq,84,37i9dQZF1DWXfoktQogiu0,Inverno,0.641,0.324,0.698,0.0,0.328,0.273
432,6RGkwhDLaHxWWXY0jn1jFv,57,37i9dQZF1DWXfoktQogiu0,Inverno,0.589,0.467,0.761,0.0,0.0847,0.571
433,6MY1xABxoZATrEr4FeUhEM,58,37i9dQZF1DWXfoktQogiu0,Inverno,0.34,0.144,0.684,0.00112,0.101,0.147
434,1xflb6sCgJjMqbdtakgONq,39,37i9dQZF1DWXfoktQogiu0,Inverno,0.43,0.355,0.286,0.172,0.109,0.372
435,7iPPYADodho7dbt7w6PMOa,58,37i9dQZF1DWXfoktQogiu0,Inverno,0.625,0.292,0.696,1.24e-05,0.121,0.168
436,7gDNQLV9cr8449LFrQbk5J,67,37i9dQZF1DWXfoktQogiu0,Inverno,0.567,0.434,0.86,0.257,0.115,0.254
437,2cIm2RiDxVlzt6RvEowc1m,45,37i9dQZF1DWXfoktQogiu0,Inverno,0.628,0.12,0.866,1.6e-05,0.117,0.116
438,3gBieBvsatYFgiG5K129ds,45,37i9dQZF1DWXfoktQogiu0,Inverno,0.66,0.407,0.641,1.22e-05,0.0622,0.324
439,12niARgkwxGsklcEwh6GlG,62,37i9dQZF1DWXfoktQogiu0,Inverno,0.606,0.349,0.764,0.306,0.112,0.156
440,1luU6gAdusIVwg5p1owzin,42,37i9dQZF1DWXfoktQogiu0,Inverno,0.596,0.429,0.775,0.0107,0.0962,0.229
441,52iLDrSoRtf9lcgFuLVfqE,71,37i9dQZF1DWXfoktQogiu0,Inverno,0.681,0.292,0.743,0.0,0.0974,0.162
442,7B02F2vNeU33Q04DbhlyAd,48,37i9dQZF1DWXfoktQogiu0,Inverno,0.415,0.254,0.713,4.6e-05,0.111,0.0573
443,3RTmrJZfsMRAroB5xI2c0S,51,37i9dQZF1DWXfoktQogiu0,Inverno,0.642,0.53,0.658,0.000439,0.103,0.229
444,2R1ACTXu88oxUcplmde6kT,48,37i9dQZF1DWXfoktQogiu0,Inverno,0.415,0.293,0.732,0.113,0.102,0.199
445,2GiYPEgOA7hb7sqsEWX8df,67,37i9dQZF1DWXfoktQogiu0,Inverno,0.614,0.101,0.825,0.0217,0.707,0.155
446,3vSZuvvuOzTbxaHuAyZ6pD,52,37i9dQZF1DWXfoktQogiu0,Inverno,0.451,0.219,0.813,0.00661,0.11,0.348
447,4bsHm0TWnCY7tTp65eQLLR,29,37i9dQZF1DWXfoktQogiu0,Inverno,0.497,0.126,0.943,0.000271,0.104,0.356
448,4ajhEvz68KJrN1xub1wmHN,43,37i9dQZF1DWXfoktQogiu0,Inverno,0.591,0.489,0.368,0.138,0.0948,0.226
449,2Au6JsEgl0wG07OthJoyXS,48,37i9dQZF1DWXfoktQogiu0,Inverno,0.71,0.0573,0.99,0.0222,0.0769,0.542
450,0ut7f4KB9sZQ8uhA4HyOMt,60,37i9dQZF1DWXfoktQogiu0,Inverno,0.73,0.249,0.886,0.0,0.096,0.332
451,3CAX47TnPqTujLIQTw8nwI,69,37i9dQZF1DWXfoktQogiu0,Inverno,0.401,0.364,0.45,0.0503,0.162,0.224
452,3G9ETaH55bMQx8hwNhAgbU,65,37i9dQZF1DWXfoktQogiu0,Inverno,0.625,0.432,0.633,0.00242,0.127,0.361
453,120r2TOz8xq0SlSnyxyzQY,45,37i9dQZF1DWXfoktQogiu0,Inverno,0.606,0.201,0.866,0.0,0.151,0.209
454,0awuNCj9gwJEM0seER22DW,79,37i9dQZF1DWXfoktQogiu0,Inverno,0.57,0.689,0.358,0.0,0.0819,0.568
455,1Q5mg2Qs3GhFuxBWwkB95p,47,37i9dQZF1DWXfoktQogiu0,Inverno,0.689,0.22,0.888,0.0,0.0911,0.322
456,7dP4k5nDDwI1qMDoz5m0f6,60,37i9dQZF1DWXfoktQogiu0,Inverno,0.634,0.419,0.499,0.00438,0.124,0.562
457,6tnGnAeyc1CnJbVuQEFiGH,38,37i9dQZF1DWXfoktQogiu0,Inverno,0.554,0.242,0.682,0.000137,0.0901,0.139
458,2iddHfAqBKMJkXerLA9F9I,51,37i9dQZF1DWXfoktQogiu0,Inverno,0.56,0.653,0.594,0.297,0.0977,0.179
459,086NgW53scj9iXKaZs1Afe,46,37i9dQZF1DWXfoktQogiu0,Inverno,0.59,0.443,0.618,0.0,0.11,0.342
460,3ZFTYYqPfwWj73jx8ccNzh,31,37i9dQZF1DWXfoktQogiu0,Inverno,0.433,0.123,0.979,0.000121,0.0994,0.291
461,61Z8rVzYJ1NHgTlI8Q5yIC,29,37i9dQZF1DWXfoktQogiu0,Inverno,0.36,0.226,0.863,0.0243,0.112,0.157
462,7bPWdJgx8vek7S5i5yAtvG,76,37i9dQZF1DWXfoktQogiu0,Inverno,0.334,0.276,0.877,0.000249,0.113,0.429
463,3vSLSOhE8HWBC2WiN0j0hD,65,37i9dQZF1DWXfoktQogiu0,Inverno,0.736,0.308,0.492,0.00248,0.179,0.439
464,0HPRhmfS3kCpnERJniNDGo,30,37i9dQZF1DWXfoktQogiu0,Inverno,0.579,0.348,0.654,0.000308,0.1,0.269
465,3YllcvA3PW1DUwjckCVjIw,64,37i9dQZF1DWXfoktQogiu0,Inverno,0.659,0.236,0.84,6.32e-05,0.206,0.216
466,4V8t6sMF5T86i0JuQFLGwn,34,37i9dQZF1DWXfoktQogiu0,Inverno,0.518,0.248,0.856,0.0129,0.113,0.156
467,02NNnPiE315cQlaZf6VXNZ,32,37i9dQZF1DWXfoktQogiu0,Inverno,0.497,0.399,0.683,0.000719,0.11,0.0917
468,4R2kfaDFhslZEMJqAFNpdd,80,37i9dQZF1DWXfoktQogiu0,Inverno,0.613,0.581,0.537,0.000345,0.25,0.551
469,2hmdjj0Gk0r9JngXT5sjc2,19,37i9dQZF1DWXfoktQogiu0,Inverno,0.527,0.123,0.856,0.0,0.102,0.201
470,3Gx4fRYFwGmnPRtCYvGFNf,53,37i9dQZF1DWXfoktQogiu0,Inverno,0.404,0.21,0.951,0.0,0.0948,0.294
471,48HT7Zzd3We4ZjG82lsbdK,62,37i9dQZF1DWXfoktQogiu0,Inverno,0.41,0.141,0.931,0.0898,0.118,0.239
472,3k8zbVagmok6LEmfmXaRg8,15,37i9dQZF1DWXfoktQogiu0,Inverno,0.738,0.354,0.888,0.0,0.396,0.397
473,59JtQ8mThUAnRGValaExhc,57,37i9dQZF1DWXfoktQogiu0,Inverno,0.555,0.423,0.799,0.0,0.112,0.257
474,2xDMmUwEWZXak2gXtcLA27,56,37i9dQZF1DWXfoktQogiu0,Inverno,0.45,0.2,0.786,0.0,0.103,0.367
475,5AeoHJUx0PJXAzN425xryh,55,37i9dQZF1DWXfoktQogiu0,Inverno,0.39,0.11,0.762,0.591,0.0823,0.179
476,53iFMaNUXn6Oj8hUIKSO5a,53,37i9dQZF1DWXfoktQogiu0,Inverno,0.643,0.436,0.724,0.459,0.11,0.422
477,7BVwi9cIzSc6tpyxsp47vJ,65,37i9dQZF1DWXfoktQogiu0,Inverno,0.595,0.723,0.047,0.0286,0.0995,0.272
478,3MJov5mT64K42o1Rffhblq,63,37i9dQZF1DWXfoktQogiu0,Inverno,0.559,0.466,0.315,0.0039,0.0933,0.623
479,1JzJFYOlNFISoz28z5t20x,52,37i9dQZF1DWXfoktQogiu0,Inverno,0.525,0.353,0.596,0.0,0.0964,0.241
480,2GNj9KRwpxBWgEiPQc3jEj,62,37i9dQZF1DWXfoktQogiu0,Inverno,0.543,0.316,0.95,0.672,0.0978,0.178
481,3hhbDnFUb2bicI2df6VurK,74,37i9dQZF1DWXfoktQogiu0,Inverno,0.635,0.184,0.665,0.0,0.146,0.177
482,2pV8RpdLemcyMWko8dASVt,68,37i9dQZF1DWXfoktQogiu0,Inverno,0.398,0.174,0.958,4.16e-06,0.158,0.153
483,5GbVzc6Ex5LYlLJqzRQhuy,72,37i9dQZF1DWXfoktQogiu0,Inverno,0.365,0.273,0.94,0.431,0.109,0.238
484,4xqrdfXkTW4T0RauPLv3WA,87,37i9dQZF1DWXfoktQogiu0,Inverno,0.357,0.425,0.584,0.0,0.322,0.27
485,2Z7UF5qoyCU6Ksnf6aTMOs,50,37i9dQZF1DWXfoktQogiu0,Inverno,0.402,0.216,0.919,0.0,0.318,0.278
486,4pvb0WLRcMtbPGmtejJJ6y,78,37i9dQZF1DWXfoktQogiu0,Inverno,0.298,0.38,0.778,5.62e-05,0.11,0.152
487,21aQ9GdgEXK6qeovX0YaKb,59,37i9dQZF1DWXfoktQogiu0,Inverno,0.596,0.576,0.376,0.0904,0.107,0.485
488,3tchJ8gDgMdaSxpaLxlr1F,60,37i9dQZF1DWXfoktQogiu0,Inverno,0.519,0.163,0.926,0.751,0.115,0.356
489,0rbKrBvZUYY9GN9l057BuY,74,37i9dQZF1DWXfoktQogiu0,Inverno,0.732,0.221,0.897,2.62e-05,0.11,0.677
490,0iOuOHywtfaQEcWKeyuH3m,55,37i9dQZF1DWXfoktQogiu0,Inverno,0.313,0.0516,0.986,0.00652,0.0938,0.0846
491,0u4rkpmNtgcFxYHepnVF4v,67,37i9dQZF1DWXfoktQogiu0,Inverno,0.334,0.397,0.558,0.0774,0.126,0.035
492,1l24F8qMMpC90q1rTIcXUB,17,37i9dQZF1DWXfoktQogiu0,Inverno,0.412,0.14,0.953,0.0,0.139,0.183
493,5dW8gOPZsZRQOzjdmcOREc,39,37i9dQZF1DWXfoktQogiu0,Inverno,0.439,0.0822,0.954,0.0214,0.109,0.11
494,6BzQnbYMiASXdwTerVH3zy,55,37i9dQZF1DWXfoktQogiu0,Inverno,0.531,0.192,0.864,0.00133,0.126,0.384
495,4Or1Yp4i3VANJE6E39ys91,44,37i9dQZF1DWXfoktQogiu0,Inverno,0.466,0.189,0.896,0.013,0.0899,0.0727
496,3W3RQneS2yhA7E5l1dJW18,60,37i9dQZF1DWXfoktQogiu0,Inverno,0.553,0.711,0.063,8.41e-06,0.0759,0.299
497,3nKCmdfFSB49NPGRsfD4wh,56,37i9dQZF1DWXfoktQogiu0,Inverno,0.542,0.155,0.988,0.0155,0.108,0.247
498,6DESft0qm6RhoYf5wzeoGH,65,37i9dQZF1DWXfoktQogiu0,Inverno,0.38,0.306,0.942,0.323,0.123,0.157
499,6qfUUWfeycMjSFwRXqo4nn,40,37i9dQZF1DWXfoktQogiu0,Inverno,0.71,0.471,0.819,0.127,0.102,0.342
500,68wibJU4yMiqNX79IaLAsN,61,37i9dQZF1DWXfoktQogiu0,Inverno,0.564,0.207,0.892,1.8e-06,0.102,0.0898
501,2xmmEguHlrY8c7dEdMqd4I,45,37i9dQZF1DWXfoktQogiu0,Inverno,0.691,0.358,0.678,0.000442,0.193,0.344
502,49o2UgS6joWdQpNPeFb8d9,17,37i9dQZF1DWXfoktQogiu0,Inverno,0.484,0.394,0.62,4.79e-06,0.117,0.154
503,3SsMuOowzmvT7nhepxLPzl,48,37i9dQZF1DWXfoktQogiu0,Inverno,0.563,0.31,0.852,2.58e-05,0.102,0.369
504,7gIbckZg2u07UCx5GH1cyX,51,37i9dQZF1DWXfoktQogiu0,Inverno,0.655,0.264,0.855,0.0,0.124,0.379
505,14qLa09blyCJdkRJRQ8lpV,55,37i9dQZF1DWXfoktQogiu0,Inverno,0.642,0.459,0.611,0.000156,0.113,0.128
506,297lodzUenH6moOcg8XXTE,50,37i9dQZF1DWXfoktQogiu0,Inverno,0.64,0.509,0.787,0.215,0.527,0.655
507,6e7Eudq88wcygOphhtQnrN,52,37i9dQZF1DWXfoktQogiu0,Inverno,0.552,0.151,0.961,0.00026,0.0979,0.33
508,7qx03NsIL42jM03zFphnRO,62,37i9dQZF1DWXfoktQogiu0,Inverno,0.501,0.211,0.937,0.000574,0.102,0.131
509,6bVIzKJOhSTD2Pw1cbLhBr,50,37i9dQZF1DWXfoktQogiu0,Inverno,0.314,0.309,0.855,4.71e-06,0.123,0.215
510,5ZUObJNpVt2l9GogUSfALc,63,37i9dQZF1DWXfoktQogiu0,Inverno,0.396,0.198,0.912,0.0,0.0972,0.19
511,4Ocm5X4MdGoF9cvIGgOe39,42,37i9dQZF1DWXfoktQogiu0,Inverno,0.387,0.199,0.924,0.0,0.109,0.273
512,3O5osWf1rSoKMwe6E9ZaXP,68,37i9dQZF1DWXfoktQogiu0,Inverno,0.39,0.27,0.937,0.00227,0.111,0.32
513,6Wkc6feqZPzPCdJVuJO7UE,37,37i9dQZF1DWXfoktQogiu0,Inverno,0.338,0.213,0.513,0.00413,0.101,0.11
514,7G9c2RCLBmhkJd5FUVoCju,33,37i9dQZF1DWXfoktQogiu0,Inverno,0.116,0.084,0.976,0.48,0.11,0.0336
515,1nnEOnBgHPVpAAZIkFknzv,54,37i9dQZF1DWXfoktQogiu0,Inverno,0.663,0.178,0.676,0.0,0.279,0.541
516,6ZyZGbujKBzxfzcjVOvGW5,59,37i9dQZF1DWXfoktQogiu0,Inverno,0.648,0.704,0.833,0.000252,0.362,0.438
517,5vk20vCA4C23pXxFhtbBTx,56,37i9dQZF1DWXfoktQogiu0,Inverno,0.601,0.372,0.835,0.0,0.129,0.444
518,2nBrIzKacrNdIxs90FlsT1,56,37i9dQZF1DWXfoktQogiu0,Inverno,0.494,0.214,0.92,1.07e-05,0.107,0.35
519,0W6vig3DpP1D3R4w72hdWp,68,37i9dQZF1DWXfoktQogiu0,Inverno,0.642,0.214,0.909,0.0,0.122,0.38
520,6Rt6KwuF7I8ZkdZG2G0bYr,63,37i9dQZF1DWXfoktQogiu0,Inverno,0.519,0.145,0.987,0.0643,0.108,0.487
521,5p0WgCCVI5LnWaUEXv1OBl,57,37i9dQZF1DWXfoktQogiu0,Inverno,0.462,0.417,0.86,0.00347,0.106,0.348
522,6KVfTNTUKV0iiMZhPp9izj,49,37i9dQZF1DWXfoktQogiu0,Inverno,0.675,0.149,0.893,1.77e-05,0.109,0.22
523,1xYMyM7MxFi4OuzDA2op9Q,58,37i9dQZF1DWXfoktQogiu0,Inverno,0.55,0.334,0.517,0.000169,0.101,0.143
524,2DPR5R6cFXS9gwo9u5cbZ1,46,37i9dQZF1DWXfoktQogiu0,Inverno,0.515,0.238,0.849,0.0,0.108,0.19
525,0eiF9S0zXS0uAUPzb0gP8i,67,37i9dQZF1DWXU2naFUn37x,Zona Trap,0.52,0.686,0.0732,0.0,0.126,0.361
526,1JAkXiY10vwLhSbcsiimrp,73,37i9dQZF1DWXU2naFUn37x,Zona Trap,0.883,0.716,0.435,0.0,0.0801,0.761
527,0f2wkDmAlLAo90gE5d1yPU,68,37i9dQZF1DWXU2naFUn37x,Zona Trap,0.729,0.68,0.398,2.54e-05,0.34,0.72
528,6y5bDrGvavBC4uzYrpCbQD,62,37i9dQZF1DWXU2naFUn37x,Zona Trap,0.681,0.542,0.192,2.75e-06,0.122,0.244
529,22YVrbSGjgfu4wg3zfhll7,62,37i9dQZF1DWXU2naFUn37x,Zona Trap,0.844,0.864,0.291,2.5e-06,0.104,0.609
530,57GZGMVY9ivqEqKIDPA1HK,70,37i9dQZF1DWXU2naFUn37x,Zona Trap,0.678,0.683,0.443,0.0,0.14,0.592
531,7bsBuM2ipkM4umttZlod2K,69,37i9dQZF1DWXU2naFUn37x,Zona Trap,0.752,0.865,0.349,0.000286,0.103,0.776
532,4oPh7HAoMR1bLBbxwqKmgn,63,37i9dQZF1DWXU2naFUn37x,Zona Trap,0.7,0.747,0.295,9.09e-06,0.0919,0.885
533,2RrldylvtjefqddhIONP7x,62,37i9dQZF1DWXU2naFUn37x,Zona Trap,0.929,0.413,0.00519,0.0,0.339,0.814
534,00smzdpN2KUfB5Jod6glG4,67,37i9dQZF1DWXU2naFUn37x,Zona Trap,0.709,0.608,0.0238,0.0,0.121,0.396
535,6t5avACouegDhYdGljoKt1,62,37i9dQZF1DWXU2naFUn37x,Zona Trap,0.858,0.776,0.000244,0.0,0.112,0.173
536,6NrOoKDgQb1EcZZuCSBMEw,66,37i9dQZF1DWXU2naFUn37x,Zona Trap,0.886,0.589,0.12,0.0,0.123,0.721
537,7cqwFzEvFtAEK8wvjMcYeE,59,37i9dQZF1DWXU2naFUn37x,Zona Trap,0.911,0.499,0.224,0.00162,0.0895,0.555
538,57fle7Lnf7lOXNf76r2x6C,66,37i9dQZF1DWXU2naFUn37x,Zona Trap,0.726,0.784,0.319,0.0,0.0771,0.718
539,5tAZWIV2ADm9WI2VTp440C,66,37i9dQZF1DWXU2naFUn37x,Zona Trap,0.762,0.562,0.0319,0.000505,0.169,0.407
540,2KYLg9El0wzvX4S13CDoZf,67,37i9dQZF1DWXU2naFUn37x,Zona Trap,0.609,0.711,0.169,0.0,0.267,0.439
541,6pQDU55mGrI7x4bvbINwsi,57,37i9dQZF1DWXU2naFUn37x,Zona Trap,0.77,0.501,0.162,0.0,0.107,0.424
542,5uzsoxwEGHQe1xcUTrn55e,59,37i9dQZF1DWXU2naFUn37x,Zona Trap,0.838,0.881,0.43,0.0,0.115,0.815
543,4DTyaDA9ZwWUUqGUh1JOlj,59,37i9dQZF1DWXU2naFUn37x,Zona Trap,0.834,0.5,0.473,0.0,0.135,0.234
544,1uT2GRUBqNUIbkpvkllBx4,63,37i9dQZF1DWXU2naFUn37x,Zona Trap,0.578,0.623,0.609,0.0,0.12,0.276
545,7KnC2wSD0I5Fju3A7qCFX8,66,37i9dQZF1DWXU2naFUn37x,Zona Trap,0.725,0.781,0.0153,9.66e-06,0.0686,0.397
546,493DHR6AgQmj3QespmHlon,56,37i9dQZF1DWXU2naFUn37x,Zona Trap,0.748,0.598,0.0621,0.0,0.146,0.349
547,0ULupipMkHslMsRy01M5AS,57,37i9dQZF1DWXU2naFUn37x,Zona Trap,0.913,0.534,0.312,0.0,0.104,0.83
548,0cAMaGkAAqmLAK2kwBCnsL,60,37i9dQZF1DWXU2naFUn37x,Zona Trap,0.66,0.809,0.113,0.0,0.0735,0.589
549,5AGzdvzdG3EbHvFFMj2CKT,65,37i9dQZF1DWXU2naFUn37x,Zona Trap,0.61,0.896,0.114,0.0107,0.223,0.623
550,5LWZA5aRYBdO7FqcrKjfVs,66,37i9dQZF1DWXU2naFUn37x,Zona Trap,0.789,0.618,0.358,0.0,0.361,0.774
551,0UZoRj2sEtpMpPAdizF0N0,60,37i9dQZF1DWXU2naFUn37x,Zona Trap,0.795,0.678,0.324,0.000434,0.116,0.682
552,1YvhcTM8aIRTg03AavA2HJ,68,37i9dQZF1DWXU2naFUn37x,Zona Trap,0.778,0.488,0.0719,0.0,0.0935,0.457
553,6Ez0gTGb6ZwZcX37oQaAHn,55,37i9dQZF1DWXU2naFUn37x,Zona Trap,0.806,0.715,0.117,0.0,0.161,0.44
554,63ZHGDgE804BwJfCZkX1Vy,60,37i9dQZF1DWXU2naFUn37x,Zona Trap,0.725,0.65,0.0463,0.222,0.121,0.267
555,1CZApFQfxsVXugRA2payqR,63,37i9dQZF1DWXU2naFUn37x,Zona Trap,0.678,0.779,0.12,2.03e-05,0.154,0.576
556,1g2CMj45LJZWxGQYoBye0X,60,37i9dQZF1DWXU2naFUn37x,Zona Trap,0.765,0.82,0.0219,0.0,0.117,0.137
557,0vIRBxBzL7ejCluhb6ec2Z,61,37i9dQZF1DWXU2naFUn37x,Zona Trap,0.709,0.649,0.238,0.0,0.201,0.438
558,0vpRoiHg9MARn0RhbOGNhD,56,37i9dQZF1DWXU2naFUn37x,Zona Trap,0.822,0.783,0.474,7.84e-06,0.0934,0.268
559,6sCcJIxOPP7GIKFGzDnYDu,65,37i9dQZF1DWXU2naFUn37x,Zona Trap,0.679,0.598,0.275,8.93e-05,0.215,0.506
560,3CS7Wr2Hzqoh2f2iHXxiIa,61,37i9dQZF1DWXU2naFUn37x,Zona Trap,0.813,0.67,0.2,0.0,0.376,0.38
561,13Iu4OXlnP5vUQ0rgXR6e3,61,37i9dQZF1DWXU2naFUn37x,Zona Trap,0.724,0.446,0.1,0.0,0.122,0.33
562,1hd8mcF8T86SDYDUz00SEV,55,37i9dQZF1DWXU2naFUn37x,Zona Trap,0.606,0.876,0.0353,2.56e-06,0.315,0.426
563,3TzSpxjKOnmVrtNOhtK8mx,66,37i9dQZF1DWXU2naFUn37x,Zona Trap,0.76,0.701,0.0949,0.0,0.0957,0.281
564,4B7NwN9dtZbm5TMRfvwQxv,54,37i9dQZF1DWXU2naFUn37x,Zona Trap,0.56,0.63,0.215,0.0,0.119,0.49
565,662H6ub4cy5rHxMrPVHKDj,52,37i9dQZF1DWXU2naFUn37x,Zona Trap,0.638,0.705,0.387,0.0,0.0821,0.421
566,7wnKS5lo0w9V04E6yXzhxV,58,37i9dQZF1DWXU2naFUn37x,Zona Trap,0.524,0.778,0.0142,0.0,0.189,0.362
567,68XxRUKERaSVkMLjtl4o94,55,37i9dQZF1DWXU2naFUn37x,Zona Trap,0.775,0.67,0.349,0.0,0.298,0.373
568,1foCWY22P8PN4bUpneM9ZQ,47,37i9dQZF1DWXU2naFUn37x,Zona Trap,0.836,0.713,0.321,0.0,0.328,0.716
569,1G9qaYXBxXa8OM5iiD9CaH,53,37i9dQZF1DWXU2naFUn37x,Zona Trap,0.719,0.718,0.651,1.23e-05,0.0883,0.439
570,2CyQ1VIOo0TVpzJXtca6Jc,51,37i9dQZF1DWXU2naFUn37x,Zona Trap,0.667,0.735,0.263,7.81e-05,0.197,0.5
571,5ifarM7jfplX1EqkqMHlDq,63,37i9dQZF1DWXU2naFUn37x,Zona Trap,0.804,0.605,0.248,0.0,0.109,0.665
572,3OVGtdoDMqaB8a7mfU1q2d,46,37i9dQZF1DWXU2naFUn37x,Zona Trap,0.785,0.509,0.0975,0.0,0.118,0.442
573,73qOtBhbJcHP2ByklQIUVZ,54,37i9dQZF1DWXU2naFUn37x,Zona Trap,0.75,0.509,0.384,0.0,0.136,0.658
574,3NnGhmhhZ9eeqGrTScnO80,55,37i9dQZF1DWXU2naFUn37x,Zona Trap,0.778,0.68,0.0052,0.0,0.118,0.406
575,1dzQoRqT5ucxXVaAhTcT0J,76,37i9dQZF1DX4o1oenSJRJd,All Out 00s,0.822,0.739,0.0264,4.26e-05,0.181,0.745
576,6ECp64rv50XVz93WvxXMGF,79,37i9dQZF1DX4o1oenSJRJd,All Out 00s,0.712,0.862,0.0525,0.0,0.093,0.809
577,0vg4WnUWvze6pBOJDTq99k,77,37i9dQZF1DX4o1oenSJRJd,All Out 00s,0.675,0.479,0.633,1.76e-05,0.088,0.454
578,619bJQ9uDi8dnXzLebFI7y,69,37i9dQZF1DX4o1oenSJRJd,All Out 00s,0.658,0.863,0.0144,0.000193,0.2,0.496
579,3ZFTkvIE7kyPt6Nu3PEa7V,83,37i9dQZF1DX4o1oenSJRJd,All Out 00s,0.778,0.824,0.284,0.0,0.405,0.758
580,5rb9QrpfcKFHM1EUbSIurX,82,37i9dQZF1DX4o1oenSJRJd,All Out 00s,0.894,0.791,0.0183,0.0,0.0388,0.583
581,4TsmezEQVSZNNPv5RJ65Ov,79,37i9dQZF1DX4o1oenSJRJd,All Out 00s,0.779,0.64,0.000155,0.00077,0.101,0.498
582,3N4DI1vuTSX1tz7fa2NQZw,75,37i9dQZF1DX4o1oenSJRJd,All Out 00s,0.407,0.558,0.0541,1.51e-06,0.34,0.777
583,4JehYebiI9JE8sR8MisGVb,77,37i9dQZF1DX4o1oenSJRJd,All Out 00s,0.508,0.72,0.272,0.0,0.0563,0.472
584,4kLLWz7srcuLKA7Et40PQR,81,37i9dQZF1DX4o1oenSJRJd,All Out 00s,0.743,0.766,0.0873,0.0,0.509,0.61
585,3E7dfMvvCLUddWissuqMwr,79,37i9dQZF1DX4o1oenSJRJd,All Out 00s,0.652,0.698,0.00112,0.000115,0.0886,0.47
586,49FYlytm3dAAraYgpoJZux,81,37i9dQZF1DX4o1oenSJRJd,All Out 00s,0.583,0.829,0.00864,0.0,0.0426,0.575
587,2gam98EZKrF9XuOkU13ApN,82,37i9dQZF1DX4o1oenSJRJd,All Out 00s,0.808,0.97,0.0569,6.13e-05,0.154,0.868
588,455AfCsOhhLPRc68sE01D8,76,37i9dQZF1DX4o1oenSJRJd,All Out 00s,0.649,0.815,0.00125,4.31e-05,0.671,0.765
589,6naxalmIoLFWR0siv8dnQQ,79,37i9dQZF1DX4o1oenSJRJd,All Out 00s,0.751,0.834,0.3,1.77e-05,0.355,0.894
590,1D4PL9B8gOg78jiHg3FvBb,76,37i9dQZF1DX4o1oenSJRJd,All Out 00s,0.617,0.741,0.131,0.0,0.0772,0.306
591,6cmm1LMvZdB5zsCwX5BjqE,78,37i9dQZF1DX4o1oenSJRJd,All Out 00s,0.727,0.68,0.0101,0.0,0.0821,0.728
592,3iJTbZDSnZ676y5qObWDm0,56,37i9dQZF1DX4o1oenSJRJd,All Out 00s,0.664,0.741,0.00169,0.0502,0.113,0.409
593,14iN3o8ptQ8cFVZTEmyQRV,74,37i9dQZF1DX4o1oenSJRJd,All Out 00s,0.699,0.76,0.00223,0.0,0.132,0.696
594,6ic8OlLUNEATToEFU3xmaH,83,37i9dQZF1DX4o1oenSJRJd,All Out 00s,0.788,0.844,0.25,0.000678,0.0723,0.382
595,2VOomzT6VavJOGBeySqaMc,77,37i9dQZF1DX4o1oenSJRJd,All Out 00s,0.707,0.813,0.0863,0.0,0.168,0.722
596,3U5JVgI2x4rDyHGObzJfNf,78,37i9dQZF1DX4o1oenSJRJd,All Out 00s,0.706,0.8,0.00584,0.0,0.0822,0.629
597,0HPD5WQqrq7wPWR7P7Dw1i,81,37i9dQZF1DX4o1oenSJRJd,All Out 00s,0.755,0.837,0.0991,0.0,0.289,0.714
598,5IVuqXILoxVWvWEPm82Jxr,77,37i9dQZF1DX4o1oenSJRJd,All Out 00s,0.646,0.77,0.00249,0.0,0.0715,0.681
599,0SiywuOBRcynK0uKGWdCnn,81,37i9dQZF1DX4o1oenSJRJd,All Out 00s,0.696,0.921,0.00314,5.24e-05,0.0842,0.714
600,6FB3v4YcR57y4tXFcdxI1E,77,37i9dQZF1DX4o1oenSJRJd,All Out 00s,0.622,0.469,0.00454,2.25e-06,0.0335,0.679
601,0ByMNEPAPpOR5H69DVrTNy,78,37i9dQZF1DX4o1oenSJRJd,All Out 00s,0.835,0.669,0.0336,6.92e-05,0.0535,0.542
602,4fbaKWFRghusXd4bSBvvfN,59,37i9dQZF1DX4o1oenSJRJd,All Out 00s,0.774,0.838,0.0249,0.0244,0.242,0.924
603,2CEgGE6aESpnmtfiZwYlbV,79,37i9dQZF1DX4o1oenSJRJd,All Out 00s,0.751,0.783,0.00379,0.0,0.036,0.816
604,5YJtMNWKe55yr49cyJgxva,74,37i9dQZF1DX4o1oenSJRJd,All Out 00s,0.633,0.976,0.00281,1.29e-05,0.382,0.493
605,4E5P1XyAFtrjpiIxkydly4,77,37i9dQZF1DX4o1oenSJRJd,All Out 00s,0.706,0.751,0.173,0.0,0.168,0.195
606,1QV6tiMFM6fSOKOGLMHYYg,77,37i9dQZF1DX4o1oenSJRJd,All Out 00s,0.851,0.806,0.118,1.64e-06,0.121,0.787
607,0VwNdo84DaVYLIkbVO86ND,76,37i9dQZF1DX4o1oenSJRJd,All Out 00s,0.628,0.676,0.00957,2.65e-05,0.121,0.75
608,05qq6mwIbG1ZsQhlMKyDwN,56,37i9dQZF1DX4o1oenSJRJd,All Out 00s,0.7,0.708,0.00624,0.0,0.031,0.619
609,0iGckQFyv6svOfAbAY9aWJ,72,37i9dQZF1DX4o1oenSJRJd,All Out 00s,0.706,0.841,7.95e-05,0.0,0.0688,0.861
610,4fixebDZAVToLbUCuEloa2,78,37i9dQZF1DX4o1oenSJRJd,All Out 00s,0.724,0.695,0.073,0.0,0.0889,0.235
611,4wH4dJgrsxONID6KS2tDQM,79,37i9dQZF1DX4o1oenSJRJd,All Out 00s,0.796,0.777,0.0261,0.000358,0.121,0.787
612,3sBmTwwsCwty2RNjOOvRVu,57,37i9dQZF1DX4o1oenSJRJd,All Out 00s,0.677,0.671,0.004,5.07e-05,0.413,0.527
613,07K4GcCDSTiXUF5ssyTRUM,69,37i9dQZF1DX4o1oenSJRJd,All Out 00s,0.756,0.77,0.191,0.0,0.178,0.73
614,0BxfFnk0YzONqvmrkO0QrB,72,37i9dQZF1DX4o1oenSJRJd,All Out 00s,0.875,0.631,0.00542,2.54e-06,0.127,0.549
615,0JiY190vktuhSGN6aqJdrt,78,37i9dQZF1DX4o1oenSJRJd,All Out 00s,0.534,0.87,0.000334,0.0,0.241,0.462
616,5R9a4t5t5O0IsznsrKPVro,69,37i9dQZF1DX4o1oenSJRJd,All Out 00s,0.426,0.584,0.0383,0.0,0.188,0.272
617,0O45fw2L5vsWpdsOdXwNAR,79,37i9dQZF1DX4o1oenSJRJd,All Out 00s,0.967,0.583,0.0584,0.0,0.0519,0.964
618,7jk7gqyEonmVVYahZN5zhW,76,37i9dQZF1DX4o1oenSJRJd,All Out 00s,0.791,0.733,0.147,0.000381,0.0713,0.761
619,127uq83uGFapbddqiMUKky,76,37i9dQZF1DX4o1oenSJRJd,All Out 00s,0.813,0.627,0.0771,0.000616,0.131,0.801
620,2lnzGkdtDj5mtlcOW2yRtG,75,37i9dQZF1DX4o1oenSJRJd,All Out 00s,0.794,0.832,0.237,1.14e-05,0.203,0.871
621,2V4bv1fNWfTcyRJKmej6Sj,76,37i9dQZF1DX4o1oenSJRJd,All Out 00s,0.768,0.82,0.179,0.0,0.689,0.625
622,0CAfXk7DXMnon4gLudAp7J,81,37i9dQZF1DX4o1oenSJRJd,All Out 00s,0.918,0.609,0.0928,0.0,0.139,0.304
623,60jzFy6Nn4M0iD1d94oteF,75,37i9dQZF1DX4o1oenSJRJd,All Out 00s,0.563,0.75,0.113,0.0,0.0788,0.812
624,6SKwQghsR8AISlxhcwyA9R,75,37i9dQZF1DX4o1oenSJRJd,All Out 00s,0.62,0.832,0.332,0.0,0.104,0.481
625,1ctdfJSzp6qF2iDAVdDrfl,66,37i9dQZF1DX4o1oenSJRJd,All Out 00s,0.584,0.699,6.52e-05,6.05e-05,0.486,0.585
626,2Mpj1Ul5OFPyyP4wB62Rvi,71,37i9dQZF1DX4o1oenSJRJd,All Out 00s,0.514,0.911,0.0559,0.0,0.775,0.619
627,7ElF5zxOwYP4qVSWVvse3W,73,37i9dQZF1DX4o1oenSJRJd,All Out 00s,0.607,0.934,0.0327,0.0,0.0909,0.568
628,1FreAz1lmnDi5aKLB6GdFM,75,37i9dQZF1DX4o1oenSJRJd,All Out 00s,0.835,0.687,0.101,0.0,0.132,0.828
629,4Tn2llBm1g0UlWctmgPL8Z,68,37i9dQZF1DX4o1oenSJRJd,All Out 00s,0.735,0.826,0.00101,0.129,0.197,0.74
630,6LtPIXlIzPOTF8vTecYjRe,68,37i9dQZF1DX4o1oenSJRJd,All Out 00s,0.635,0.647,0.192,0.0,0.154,0.201
631,6RX5iL93VZ5fKmyvNXvF1r,72,37i9dQZF1DX4o1oenSJRJd,All Out 00s,0.447,0.694,0.0293,5.46e-06,0.167,0.509
632,7LqjznQwfrax7MjQXmxqdQ,70,37i9dQZF1DX4o1oenSJRJd,All Out 00s,0.845,0.768,0.00733,5.04e-06,0.0575,0.96
633,6Q44rxzH39y2tjic98Spo5,65,37i9dQZF1DX4o1oenSJRJd,All Out 00s,0.906,0.584,0.0576,0.0,0.128,0.831
634,5WuVWOngcRkMOx9RRLCvui,65,37i9dQZF1DX4o1oenSJRJd,All Out 00s,0.776,0.693,0.0234,0.00177,0.0322,0.635
635,2yiZyjMEByt9sJBZWnWaDR,56,37i9dQZF1DX4o1oenSJRJd,All Out 00s,0.571,0.87,0.0198,6.6e-06,0.0564,0.813
636,3goSVuTt3fDYDP6kRnFwuL,75,37i9dQZF1DX4o1oenSJRJd,All Out 00s,0.697,0.467,0.248,0.0,0.0941,0.572
637,5xEM5hIgJ1jjgcEBfpkt2F,78,37i9dQZF1DX4o1oenSJRJd,All Out 00s,0.585,0.776,0.0572,7.74e-06,0.3,0.427
638,6DvgsZ0NiEPV9qYM931T1F,60,37i9dQZF1DX4o1oenSJRJd,All Out 00s,0.825,0.832,0.00587,0.000789,0.114,0.713
639,2q4rjDy9WhaN3o9MvDbO21,77,37i9dQZF1DX4o1oenSJRJd,All Out 00s,0.758,0.712,0.0185,0.0,0.0677,0.795
640,4N0tDOF2bo9JEpSqLNlpjq,62,37i9dQZF1DX4o1oenSJRJd,All Out 00s,0.811,0.757,0.298,0.0,0.103,0.565
641,4lLtanYk6tkMvooU0tWzG8,77,37i9dQZF1DX4o1oenSJRJd,All Out 00s,0.706,0.558,0.146,0.0,0.118,0.227
642,2bLqfJjuC5syrsgDsZfGmn,77,37i9dQZF1DX4o1oenSJRJd,All Out 00s,0.731,0.807,0.181,0.751,0.319,0.765
643,6CFPFnS9EcLs2I0nWqtWci,74,37i9dQZF1DX4o1oenSJRJd,All Out 00s,0.81,0.538,0.528,0.0,0.0951,0.828
644,3NZJlJemX3mzjf56MqC5ML,75,37i9dQZF1DX4o1oenSJRJd,All Out 00s,0.672,0.82,0.0368,0.000188,0.184,0.438
645,6St9lR6dhV2tpCNVz7qfrS,68,37i9dQZF1DX4o1oenSJRJd,All Out 00s,0.762,0.748,0.0266,0.0,0.348,0.851
646,00Mb3DuaIH1kjrwOku9CGU,77,37i9dQZF1DX4o1oenSJRJd,All Out 00s,0.487,0.9,6.79e-05,0.0,0.358,0.484
647,2wNGoon7FlKnVEyYS1ZRBQ,63,37i9dQZF1DX4o1oenSJRJd,All Out 00s,0.693,0.822,0.0995,1.73e-05,0.061,0.765
648,1jUA4rb6ZCv4gby4YU53xq,72,37i9dQZF1DX4o1oenSJRJd,All Out 00s,0.466,0.759,0.0521,0.0,0.0587,0.328
649,6dgWWAs5yhWPOtvE1zuoQ1,61,37i9dQZF1DX4o1oenSJRJd,All Out 00s,0.708,0.641,0.205,0.0,0.0925,0.253
650,3oobWqIgYrSRg18uqRuPIF,69,37i9dQZF1DX4o1oenSJRJd,All Out 00s,0.801,0.645,0.0457,0.0,0.0357,0.824
651,2igwFfvr1OAGX9SKDCPBwO,80,37i9dQZF1DX4o1oenSJRJd,All Out 00s,0.491,0.956,0.0295,0.0,0.46,0.811
652,1AWQoqb9bSvzTjaLralEkT,76,37i9dQZF1DX4o1oenSJRJd,All Out 00s,0.892,0.714,0.201,0.000234,0.0521,0.817
653,6ajyEEzWZbw8ycDcJAN099,63,37i9dQZF1DX4o1oenSJRJd,All Out 00s,0.584,0.681,0.495,0.0,0.289,0.821
654,7GbqE3MlkKosIaCvf50JRK,67,37i9dQZF1DX4o1oenSJRJd,All Out 00s,0.76,0.801,0.0144,1.49e-05,0.665,0.653
655,4HlFJV71xXKIGcU3kRyttv,83,37i9dQZF1DX4o1oenSJRJd,All Out 00s,0.673,0.886,0.185,0.0,0.0826,0.795
656,0k2GOhqsrxDTAbFFSdNJjT,79,37i9dQZF1DX4o1oenSJRJd,All Out 00s,0.951,0.6,0.106,0.0,0.0712,0.822
657,1oHClQEgDmmbcEx12Kc5nZ,70,37i9dQZF1DX4o1oenSJRJd,All Out 00s,0.753,0.931,0.00994,0.00696,0.234,0.767
658,0eqH0ALoDQevq59YcQ53KE,71,37i9dQZF1DX4o1oenSJRJd,All Out 00s,0.926,0.916,0.35,6.17e-06,0.0234,0.904
659,22UDw8rSfLbUsaAGTXQ4Z8,79,37i9dQZF1DX4o1oenSJRJd,All Out 00s,0.727,0.729,0.171,0.0,0.07,0.512
660,3jlbL2OTD5YmIunYzgQTAN,77,37i9dQZF1DX4o1oenSJRJd,All Out 00s,0.375,0.862,0.071,0.0,0.211,0.478
661,1peT7rhuRsVvJVSSd0iXXp,57,37i9dQZF1DX4o1oenSJRJd,All Out 00s,0.543,0.642,0.137,0.0,0.243,0.749
662,4E6cwWJWZw2zWf7VFbH7wf,74,37i9dQZF1DX4o1oenSJRJd,All Out 00s,0.583,0.786,0.0208,0.0,0.188,0.573
663,1oQZk2bKBLgP1cbuFKvjkq,68,37i9dQZF1DX4o1oenSJRJd,All Out 00s,0.63,0.504,0.0953,0.0,0.308,0.487
664,2aI21FnmY7TJVKeMaoQZ0t,75,37i9dQZF1DX4o1oenSJRJd,All Out 00s,0.872,0.872,0.0476,0.00112,0.0543,0.809
665,7uKcScNXuO3MWw6LowBjW1,75,37i9dQZF1DX4o1oenSJRJd,All Out 00s,0.944,0.511,0.042,0.00107,0.0379,0.842
666,4w1lzcaoZ1IC2K5TwjalRP,76,37i9dQZF1DX4o1oenSJRJd,All Out 00s,0.56,0.825,0.323,0.0,0.161,0.268
667,6IwKcFdiRQZOWeYNhUiWIv,79,37i9dQZF1DX4o1oenSJRJd,All Out 00s,0.644,0.549,0.0209,8.85e-06,0.134,0.167
668,3EDS89HeAhHiZKlljciK0a,65,37i9dQZF1DX4o1oenSJRJd,All Out 00s,0.962,0.66,0.0485,0.0,0.076,0.814
669,6brl7bwOHmGFkNw3MBqssT,76,37i9dQZF1DX4o1oenSJRJd,All Out 00s,0.452,0.574,0.246,0.0,0.189,0.58
670,2ygMBIctKIAfbEBcT9065L,76,37i9dQZF1DX4o1oenSJRJd,All Out 00s,0.648,0.931,0.00937,0.0,0.752,0.744
671,3Fzlg5r1IjhLk2qRw667od,76,37i9dQZF1DX4o1oenSJRJd,All Out 00s,0.632,0.856,0.0624,0.0,0.347,0.867
672,69XUpOpjzDKcfdxqZebGiI,66,37i9dQZF1DX4o1oenSJRJd,All Out 00s,0.73,0.602,0.362,3.69e-06,0.169,0.927
673,3850dYVgOFIXJh5U4BFEWH,75,37i9dQZF1DX4o1oenSJRJd,All Out 00s,0.649,0.647,0.0039,0.161,0.0686,0.405
674,360UM2DaiHZPRu0EsrOvMp,67,37i9dQZF1DX4o1oenSJRJd,All Out 00s,0.652,0.605,0.00481,0.0,0.0605,0.394
675,4OtGu9O6vHOOsDECNqBMw3,58,37i9dQZF1DX9qUVnHy7VXV,La Vita  Bella,0.719,0.49,0.352,0.0,0.0871,0.681
676,2T3jgoAMbBXiMMD8pSc6QL,73,37i9dQZF1DX9qUVnHy7VXV,La Vita  Bella,0.628,0.882,0.259,0.0,0.065,0.853
677,2VxeLyX666F8uXCJ0dZF8B,84,37i9dQZF1DX9qUVnHy7VXV,La Vita  Bella,0.572,0.385,0.371,0.0,0.231,0.323
678,560B6Sy3dMrmUctw8VjO0v,52,37i9dQZF1DX9qUVnHy7VXV,La Vita  Bella,0.711,0.868,0.0482,0.00426,0.0709,0.795
679,6jBUP2KCe821yqf1hiBqPR,71,37i9dQZF1DX9qUVnHy7VXV,La Vita  Bella,0.57,0.717,0.00967,0.0,0.0833,0.321
680,5LGqFIVBf3ZUeFBpc87CFS,66,37i9dQZF1DX9qUVnHy7VXV,La Vita  Bella,0.721,0.74,0.112,4.12e-05,0.0848,0.714
681,0mvkwaZMP2gAy2ApQLtZRv,67,37i9dQZF1DX9qUVnHy7VXV,La Vita  Bella,0.532,0.795,0.0559,0.0,0.295,0.78
682,10WVEHOf1FZf5XgK6dUWvN,57,37i9dQZF1DX9qUVnHy7VXV,La Vita  Bella,0.817,0.45,0.785,0.0,0.0461,0.635
683,4HlFJV71xXKIGcU3kRyttv,83,37i9dQZF1DX9qUVnHy7VXV,La Vita  Bella,0.673,0.886,0.185,0.0,0.0826,0.795
684,4fXGWiVhlOLdhwRDP6pIFG,75,37i9dQZF1DX9qUVnHy7VXV,La Vita  Bella,0.663,0.475,0.643,0.0,0.122,0.644
685,11Yp4S3WZA7yqWIbUmMJSd,61,37i9dQZF1DX9qUVnHy7VXV,La Vita  Bella,0.837,0.498,0.508,0.00118,0.111,0.104
686,5CLGzJsGqhCEECcpnFQA8x,76,37i9dQZF1DX9qUVnHy7VXV,La Vita  Bella,0.653,0.809,0.194,0.0,0.165,0.55
687,1lwvJQGhdq6Kyr4BBquf23,72,37i9dQZF1DX9qUVnHy7VXV,La Vita  Bella,0.787,0.78,0.25,0.0,0.0908,0.68
688,1EzrEOXmMH3G43AXT1y7pA,82,37i9dQZF1DX9qUVnHy7VXV,La Vita  Bella,0.686,0.457,0.595,0.0,0.105,0.718
689,6lsumzVFKP9SnfKcuGwqVp,60,37i9dQZF1DX9qUVnHy7VXV,La Vita  Bella,0.61,0.807,0.0769,2.64e-06,0.376,0.689
690,213x4gsFDm04hSqIUkg88w,75,37i9dQZF1DX9qUVnHy7VXV,La Vita  Bella,0.631,0.924,0.0841,3.59e-06,0.084,0.755
691,0mUyMawtxj1CJ76kn9gIZK,75,37i9dQZF1DX9qUVnHy7VXV,La Vita  Bella,0.599,0.785,0.448,0.00336,0.151,0.52
692,2SDx0PooHZI1SQKR0y44bs,69,37i9dQZF1DX9qUVnHy7VXV,La Vita  Bella,0.675,0.828,0.0242,0.0102,0.364,0.669
693,2tpWsVSb9UEmDRxAl1zhX1,82,37i9dQZF1DX9qUVnHy7VXV,La Vita  Bella,0.664,0.705,0.0654,0.0,0.118,0.477
694,4NH0G33zApUnRNsSK0CwuN,57,37i9dQZF1DX9qUVnHy7VXV,La Vita  Bella,0.629,0.332,0.738,0.0,0.105,0.465
695,6X6SdJzxyw7GzxwP2fr9WV,59,37i9dQZF1DX9qUVnHy7VXV,La Vita  Bella,0.74,0.669,0.0445,0.0,0.184,0.536
696,0gcjc7Vt5xtcfmJgf6g2IO,74,37i9dQZF1DX9qUVnHy7VXV,La Vita  Bella,0.461,0.448,0.161,1.18e-06,0.0811,0.418
697,4ofwffwvvnbSkrMSCKQDaC,79,37i9dQZF1DX9qUVnHy7VXV,La Vita  Bella,0.673,0.735,0.286,0.0,0.242,0.754
698,0f0k0OJ9VbaLHX4J1t2qUy,62,37i9dQZF1DX9qUVnHy7VXV,La Vita  Bella,0.545,0.797,0.257,3.86e-06,0.0884,0.852
699,1sTsuZTdANkiFd7T34H3nb,74,37i9dQZF1DX9qUVnHy7VXV,La Vita  Bella,0.557,0.8,0.00132,0.0012,0.0906,0.582
700,0yac0FPhLRH9i9lOng3f81,72,37i9dQZF1DX9qUVnHy7VXV,La Vita  Bella,0.517,0.839,0.0014,0.000365,0.108,0.416
701,4Ub8UsjWuewQrPhuepfVpd,74,37i9dQZF1DX9qUVnHy7VXV,La Vita  Bella,0.679,0.715,0.0755,0.0,0.271,0.571
702,4evmHXcjt3bTUHD1cvny97,80,37i9dQZF1DX9qUVnHy7VXV,La Vita  Bella,0.64,0.648,0.124,0.0,0.0802,0.548
703,3U4isOIWM3VvDubwSI3y7a,85,37i9dQZF1DX9qUVnHy7VXV,La Vita  Bella,0.422,0.264,0.922,0.0,0.132,0.331
704,6yDXmurL5FA9Rjn94cRp2g,53,37i9dQZF1DX9qUVnHy7VXV,La Vita  Bella,0.555,0.723,0.164,0.0,0.112,0.814
705,2ihCaVdNZmnHZWt0fvAM7B,81,37i9dQZF1DX9qUVnHy7VXV,La Vita  Bella,0.457,0.757,0.0206,0.0,0.146,0.417
706,1K3LRUEcUz5FMtPYyg0F45,75,37i9dQZF1DX9qUVnHy7VXV,La Vita  Bella,0.682,0.471,0.765,0.0,0.0908,0.421
707,0qt5f5EL92o8Snzopsv0en,69,37i9dQZF1DX9qUVnHy7VXV,La Vita  Bella,0.705,0.78,0.456,0.00152,0.115,0.457
708,1mKXFLRA179hdOWQBwUk9e,82,37i9dQZF1DX9qUVnHy7VXV,La Vita  Bella,0.778,0.547,0.346,0.000302,0.132,0.441
709,0fPf9CDFzVnHpcfld5XVtO,62,37i9dQZF1DX9qUVnHy7VXV,La Vita  Bella,0.571,0.708,0.00407,0.0,0.125,0.398
710,6JWddKPdqvDc2WkPEi9grC,65,37i9dQZF1DX9qUVnHy7VXV,La Vita  Bella,0.508,0.826,0.018,0.0,0.28,0.404
711,2fTsFCKRFQ5M0igJgabnLA,72,37i9dQZF1DX9qUVnHy7VXV,La Vita  Bella,0.636,0.831,0.0294,3.85e-06,0.272,0.668
712,3oQomOPRNQ5NVFUmLJHbAV,71,37i9dQZF1DX9qUVnHy7VXV,La Vita  Bella,0.671,0.153,0.912,5.53e-05,0.0771,0.658
713,2ixsaeFioXJmMgkkbd4uj1,78,37i9dQZF1DX9qUVnHy7VXV,La Vita  Bella,0.717,0.455,0.0846,0.0,0.11,0.389
714,5QpaGzWp0hwB5faV8dkbAz,73,37i9dQZF1DX9qUVnHy7VXV,La Vita  Bella,0.558,0.719,0.0367,0.0,0.115,0.371
715,1qDrWA6lyx8cLECdZE7TV7,80,37i9dQZF1DX9qUVnHy7VXV,La Vita  Bella,0.865,0.521,0.548,0.000115,0.0989,0.748
716,1Jaah2tmN9Hv81A87KZ1MU,74,37i9dQZF1DX9qUVnHy7VXV,La Vita  Bella,0.575,0.886,0.0647,0.000187,0.709,0.609
717,0Dho96aJIZ5LJZXyPllbWA,62,37i9dQZF1DX9qUVnHy7VXV,La Vita  Bella,0.675,0.894,0.0599,0.000452,0.0484,0.537
718,47Slg6LuqLaX0VodpSCvPt,79,37i9dQZF1DX9qUVnHy7VXV,La Vita  Bella,0.637,0.843,0.0151,0.0,0.0876,0.434
719,5OQGeJ1ceykovrykZsGhqL,68,37i9dQZF1DX9qUVnHy7VXV,La Vita  Bella,0.607,0.82,0.0541,6.8e-05,0.269,0.768
720,05wIrZSwuaVWhcv5FfqeH0,78,37i9dQZF1DX9qUVnHy7VXV,La Vita  Bella,0.596,0.869,0.0116,0.173,0.0678,0.944
721,0cDwUAF7yQrOLRcFfJpSc2,58,37i9dQZF1DX9qUVnHy7VXV,La Vita  Bella,0.634,0.653,0.000452,0.000987,0.115,0.26
722,6kopmMZiyLmw7h66uXcXR7,73,37i9dQZF1DX9qUVnHy7VXV,La Vita  Bella,0.699,0.83,0.00243,0.00024,0.0995,0.889
723,0cqRj7pUJDkTCEsJkx8snD,78,37i9dQZF1DX9qUVnHy7VXV,La Vita  Bella,0.647,0.8,0.0647,0.0,0.334,0.942
724,5fVZC9GiM4e8vu99W0Xf6J,81,37i9dQZF1DX9qUVnHy7VXV,La Vita  Bella,0.64,0.743,0.269,0.0,0.101,0.361
725,4kbj5MwxO1bq9wjT5g9HaA,82,37i9dQZF1DX9qUVnHy7VXV,La Vita  Bella,0.578,0.866,0.00701,0.0,0.257,0.619
726,1vkUmedJVhScV9MmRsLGSY,64,37i9dQZF1DX9qUVnHy7VXV,La Vita  Bella,0.477,0.52,0.679,4.34e-06,0.0978,0.383
727,5qqabIl2vWzo9ApSC317sa,78,37i9dQZF1DX9qUVnHy7VXV,La Vita  Bella,0.378,0.896,0.000452,0.0,0.194,0.469
728,0fYVliAYKHuPmECRs1pbRf,77,37i9dQZF1DX9qUVnHy7VXV,La Vita  Bella,0.526,0.862,0.0144,0.0597,0.229,0.528
729,1JSTJqkT5qHq8MDJnJbRE1,84,37i9dQZF1DX9qUVnHy7VXV,La Vita  Bella,0.82,0.452,0.543,0.00294,0.0714,0.74
730,5aJhuze13LOoLthmiG8YIA,59,37i9dQZF1DX9qUVnHy7VXV,La Vita  Bella,0.379,0.647,0.214,0.0,0.125,0.342
731,3rKYiySCDMUKTw5kGVVhaa,66,37i9dQZF1DX9qUVnHy7VXV,La Vita  Bella,0.795,0.616,0.417,0.0,0.349,0.815
732,3zkWCteF82vJwv0hRLba76,77,37i9dQZF1DX9qUVnHy7VXV,La Vita  Bella,0.746,0.754,0.0152,0.0,0.0486,0.746
733,6RtPijgfPKROxEzTHNRiDp,80,37i9dQZF1DX9qUVnHy7VXV,La Vita  Bella,0.773,0.758,0.0422,0.0,0.305,0.925
734,7fa9MBXhVfQ8P8Df9OEbD8,75,37i9dQZF1DX9qUVnHy7VXV,La Vita  Bella,0.851,0.541,0.568,0.0,0.13,0.448
735,386RUes7n1uM1yfzgeUuwp,75,37i9dQZF1DX9qUVnHy7VXV,La Vita  Bella,0.738,0.804,0.332,0.0,0.279,0.949
736,5rgy6ghBq1eRApCkeUdJXf,76,37i9dQZF1DX9qUVnHy7VXV,La Vita  Bella,0.378,0.638,0.02,7.66e-05,0.0849,0.735
737,0cBPuDA3xUjR4Vh9o7CKy8,73,37i9dQZF1DX9qUVnHy7VXV,La Vita  Bella,0.541,0.591,0.289,0.000431,0.124,0.116
738,2jiPHbFX5XM8TjaTfYJ0eo,78,37i9dQZF1DX9qUVnHy7VXV,La Vita  Bella,0.885,0.581,0.427,0.000204,0.0759,0.728
739,0smyCrJiibi2uwCiq5R1vj,72,37i9dQZF1DX9qUVnHy7VXV,La Vita  Bella,0.547,0.707,8.14e-05,0.000149,0.285,0.654
740,58zsLZPvfflaiIbNWoA22O,77,37i9dQZF1DX9qUVnHy7VXV,La Vita  Bella,0.602,0.707,0.393,0.0,0.165,0.554
741,4RCWB3V8V0dignt99LZ8vH,80,37i9dQZF1DX9qUVnHy7VXV,La Vita  Bella,0.656,0.291,0.872,0.0,0.114,0.298
742,6Qyc6fS4DsZjB2mRW9DsQs,79,37i9dQZF1DX9qUVnHy7VXV,La Vita  Bella,0.315,0.715,0.00125,7.97e-06,0.0942,0.497
743,4dygMGhvfENVhwRXmAscbl,53,37i9dQZF1DX9qUVnHy7VXV,La Vita  Bella,0.281,0.779,0.0437,0.0,0.37,0.344
744,5WuVWOngcRkMOx9RRLCvui,65,37i9dQZF1DX9qUVnHy7VXV,La Vita  Bella,0.776,0.693,0.0234,0.00177,0.0322,0.635
745,1gv4xPanImH17bKZ9rOveR,78,37i9dQZF1DX9qUVnHy7VXV,La Vita  Bella,0.7,0.709,0.0048,0.0,0.029,0.624
746,2M9ro2krNb7nr7HSprkEgo,78,37i9dQZF1DX9qUVnHy7VXV,La Vita  Bella,0.711,0.292,0.313,0.0,0.131,0.194
747,5xoUgPXbMNUmoHU0Enwtwq,71,37i9dQZF1DX9qUVnHy7VXV,La Vita  Bella,0.41,0.803,0.239,0.0,0.103,0.814
748,7EcQNoTZqBBWZvuweuxUc9,53,37i9dQZF1DX9qUVnHy7VXV,La Vita  Bella,0.636,0.366,0.548,1.88e-05,0.103,0.146
749,1vxw6aYJls2oq3gW0DujAo,76,37i9dQZF1DX9qUVnHy7VXV,La Vita  Bella,0.855,0.587,0.0505,0.00714,0.105,0.64
750,754kgU5rWscRTfvlsuEwFp,76,37i9dQZF1DX9qUVnHy7VXV,La Vita  Bella,0.526,0.749,0.023,1.76e-06,0.0692,0.421
751,5kVU4z9zL3M7w7EVhBBbEF,64,37i9dQZF1DX9qUVnHy7VXV,La Vita  Bella,0.72,0.538,0.301,3.03e-06,0.144,0.815
752,27jdUE1EYDSXZqhjuNxLem,62,37i9dQZF1DX9qUVnHy7VXV,La Vita  Bella,0.738,0.482,0.0266,0.621,0.106,0.352
753,67iAlVNDDdddxqSD2EZhFs,71,37i9dQZF1DX9qUVnHy7VXV,La Vita  Bella,0.851,0.551,0.151,0.0,0.0827,0.807
754,2nGFzvICaeEWjIrBrL2RAx,78,37i9dQZF1DX9qUVnHy7VXV,La Vita  Bella,0.739,0.511,0.167,1.34e-06,0.133,0.542
755,01hEpx8jnOG4q7nDK14Rhi,85,37i9dQZF1DX01NP73ErE8b,Alta Rotazione,0.733,0.736,0.028,0.0,0.131,0.669
756,4iMigesJsEKt8JczIwUrBO,67,37i9dQZF1DX01NP73ErE8b,Alta Rotazione,0.755,0.913,0.107,0.0,0.162,0.862
757,0kGVziydYk9eNPDdcHJcdH,79,37i9dQZF1DX01NP73ErE8b,Alta Rotazione,0.701,0.816,0.245,0.0,0.133,0.822
758,3Ks12KDKwrT1anFMW0tevG,78,37i9dQZF1DX01NP73ErE8b,Alta Rotazione,0.722,0.75,0.187,0.0,0.2,0.737
759,43mGIsFZwISk1WWTcAK728,77,37i9dQZF1DX01NP73ErE8b,Alta Rotazione,0.656,0.796,0.222,0.0,0.36,0.699
760,1lWWoec2z1j88GRblI5anV,86,37i9dQZF1DX01NP73ErE8b,Alta Rotazione,0.62,0.944,0.0014,0.0,0.733,0.592
761,4ILtwYPIonCeRGCIiXAASp,71,37i9dQZF1DX01NP73ErE8b,Alta Rotazione,0.867,0.699,0.0364,0.0,0.0824,0.774
762,71r3UlkV7sWvUYjas5paqi,70,37i9dQZF1DX01NP73ErE8b,Alta Rotazione,0.617,0.916,0.123,0.0,0.183,0.552
763,7BKGYx89QYgfdnpVo3zapq,62,37i9dQZF1DX01NP73ErE8b,Alta Rotazione,0.706,0.81,0.0713,1.63e-05,0.0709,0.415
764,6VAdJCy8hFSxTNsxlBADSE,68,37i9dQZF1DX01NP73ErE8b,Alta Rotazione,0.805,0.73,0.0385,3.35e-06,0.19,0.833
765,0HyDNYQmQ3obfA81D3y9tG,77,37i9dQZF1DX01NP73ErE8b,Alta Rotazione,0.527,0.75,0.0254,0.0,0.108,0.38
766,1feGbMzfkaybNk96cXcqnO,74,37i9dQZF1DX01NP73ErE8b,Alta Rotazione,0.795,0.664,0.116,0.0,0.143,0.576
767,2g7xewu0kXt7Uo3X8MBlgj,60,37i9dQZF1DX01NP73ErE8b,Alta Rotazione,0.776,0.82,0.239,0.0,0.552,0.827
768,4lajqBJavxKL3sllt1TcTH,65,37i9dQZF1DX01NP73ErE8b,Alta Rotazione,0.767,0.812,0.0446,0.0,0.245,0.746
769,6Y3E68GAhdvbJramkIOKJK,58,37i9dQZF1DX01NP73ErE8b,Alta Rotazione,0.712,0.758,0.0182,0.0,0.0823,0.508
770,6KLjClrXcuXiX4PWGHtmDk,63,37i9dQZF1DX01NP73ErE8b,Alta Rotazione,0.661,0.64,0.198,0.0,0.125,0.659
771,7mWPjS3fX0ymPSrkDJrVaP,72,37i9dQZF1DX01NP73ErE8b,Alta Rotazione,0.635,0.779,0.235,0.0,0.12,0.355
772,00QN58Gx571pB1MEuBAcmL,73,37i9dQZF1DX01NP73ErE8b,Alta Rotazione,0.548,0.919,0.255,0.0,0.0984,0.385
773,7JlPKH9G2KLUzJlfFFAxEO,66,37i9dQZF1DX01NP73ErE8b,Alta Rotazione,0.296,0.486,0.311,0.0,0.098,0.159
774,3fxSSvnUS7ALxmhOckb7t6,80,37i9dQZF1DX01NP73ErE8b,Alta Rotazione,0.68,0.76,0.233,0.0,0.13,0.709
775,7wXb66O5ZZU77xtqNDH0gl,77,37i9dQZF1DX01NP73ErE8b,Alta Rotazione,0.755,0.732,0.107,0.0,0.124,0.606
776,1eDC4NiUYgQSKpKDIvXxi4,73,37i9dQZF1DX01NP73ErE8b,Alta Rotazione,0.585,0.724,0.445,0.0,0.1,0.547
777,7um5BZo08PrrB87Itmml9V,69,37i9dQZF1DX01NP73ErE8b,Alta Rotazione,0.691,0.668,0.0481,0.0,0.136,0.459
778,1stFp5p3h2svKierTqfEN6,62,37i9dQZF1DX01NP73ErE8b,Alta Rotazione,0.751,0.74,0.0285,4.87e-06,0.13,0.756
779,3oTNtTmOOekaUDvDiqM4br,65,37i9dQZF1DX01NP73ErE8b,Alta Rotazione,0.511,0.67,0.426,0.0,0.0996,0.215
780,1eIS75JS5rfbJpSu6ZC9EO,74,37i9dQZF1DX01NP73ErE8b,Alta Rotazione,0.615,0.834,0.105,0.0,0.157,0.341
781,34fqJK3MV1eToqwBm6vo33,75,37i9dQZF1DX01NP73ErE8b,Alta Rotazione,0.712,0.732,0.168,0.0,0.209,0.807
782,2lBLzzEARN8mGgHFaXYKKk,70,37i9dQZF1DX01NP73ErE8b,Alta Rotazione,0.636,0.65,0.573,0.0,0.101,0.303
783,0aQi1JGO1oKWEmKGfvf8TF,73,37i9dQZF1DX01NP73ErE8b,Alta Rotazione,0.656,0.678,0.12,1.86e-05,0.147,0.166
784,1kLwHISN4aeuaQB27D9uzd,69,37i9dQZF1DX01NP73ErE8b,Alta Rotazione,0.523,0.655,0.0898,0.0,0.172,0.3
785,7HMz8o0m7ASQ3ImFPfhWTY,82,37i9dQZF1DX01NP73ErE8b,Alta Rotazione,0.363,0.678,0.0299,0.0,0.324,0.321
786,1Lf1F7qEOS4O4wl9l8lmUq,70,37i9dQZF1DX01NP73ErE8b,Alta Rotazione,0.608,0.499,0.455,0.0,0.16,0.293
787,0IxDw5m8XyFBnrCXAppF53,73,37i9dQZF1DX01NP73ErE8b,Alta Rotazione,0.591,0.534,0.568,0.0,0.164,0.455
788,79VpbVJ1asRXWjkbvlxFED,69,37i9dQZF1DX01NP73ErE8b,Alta Rotazione,0.765,0.69,0.0469,0.0,0.159,0.858
789,51uAKJ9jxvTPDEBnicVOq7,68,37i9dQZF1DX01NP73ErE8b,Alta Rotazione,0.693,0.811,0.338,0.000165,0.154,0.426
790,5qn15Hs4s26YaNd5UWVe00,70,37i9dQZF1DX01NP73ErE8b,Alta Rotazione,0.683,0.606,0.0353,1.23e-06,0.131,0.7
791,0FJUY6StrBltgLCSMuSAS4,62,37i9dQZF1DX01NP73ErE8b,Alta Rotazione,0.511,0.732,0.0525,0.0,0.112,0.4
792,6UP3eoMcJDoEssjjHqAdjn,66,37i9dQZF1DX01NP73ErE8b,Alta Rotazione,0.664,0.801,0.112,0.0,0.102,0.563
793,7gvTz4dLTGkST8Hr2V1Miq,61,37i9dQZF1DX01NP73ErE8b,Alta Rotazione,0.684,0.837,0.18,0.0,0.0997,0.67
794,2rfVX4zjVnfUOr1k3txKNG,63,37i9dQZF1DX01NP73ErE8b,Alta Rotazione,0.691,0.829,0.136,0.0,0.11,0.512
795,2cLYMeNcfLgCbhxKKyfOme,59,37i9dQZF1DX01NP73ErE8b,Alta Rotazione,0.786,0.851,0.211,0.0,0.0757,0.58
796,67qxSUoyng1ohzvfyOyNWW,75,37i9dQZF1DX01NP73ErE8b,Alta Rotazione,0.676,0.794,0.0123,0.0,0.275,0.662
797,2RVdq0QXC4JxU0X51ZQYaH,67,37i9dQZF1DX01NP73ErE8b,Alta Rotazione,0.745,0.855,0.0704,0.0,0.119,0.453
798,0ZqHo6eTBHUcOVjZzPvftT,74,37i9dQZF1DX01NP73ErE8b,Alta Rotazione,0.641,0.636,0.289,0.0,0.125,0.285
799,6xYv57izh2l0a718ky7g1Z,54,37i9dQZF1DX01NP73ErE8b,Alta Rotazione,0.743,0.708,0.0574,0.0,0.0848,0.744
800,0WXU7I74NEN1DMLIT406Wx,67,37i9dQZF1DX01NP73ErE8b,Alta Rotazione,0.848,0.708,0.153,0.0,0.0948,0.926
801,5IhChrah9BUbttkk0qOS7E,65,37i9dQZF1DX01NP73ErE8b,Alta Rotazione,0.753,0.712,0.266,0.0,0.214,0.59
802,63mdY4U0KvnbMkUEc7FHN8,64,37i9dQZF1DX01NP73ErE8b,Alta Rotazione,0.618,0.687,0.268,0.0,0.126,0.398
803,55TK6APWefGgTKh10hROIs,59,37i9dQZF1DX01NP73ErE8b,Alta Rotazione,0.82,0.866,0.0167,6.89e-05,0.0573,0.482
804,3wuHkw78v7I0VUl5v9KQ6D,67,37i9dQZF1DX01NP73ErE8b,Alta Rotazione,0.633,0.582,0.166,0.0,0.0686,0.512
