,track.id,track.popularity,playlist.id,danceability,energy,acousticness,instrumentalness,liveness,valence
0,2cLYMeNcfLgCbhxKKyfOme,55,37i9dQZF1DWZuIX5Q3yUjF,0.786,0.851,0.211,0.0,0.0757,0.58
1,6dBGbkgvyWtnsPzDKrH1ST,31,37i9dQZF1DWZuIX5Q3yUjF,0.582,0.648,0.309,1.8e-05,0.0815,0.757
2,3PpqHTygYCraYl4KfNfA9p,43,37i9dQZF1DWZuIX5Q3yUjF,0.323,0.828,0.48,0.000563,0.296,0.477
3,4GYqfjLLISwlgJOj6gRPZ2,37,37i9dQZF1DWZuIX5Q3yUjF,0.722,0.295,0.666,0.0,0.116,0.171
4,1hNmQc9kFq67hSxA92ODcE,68,37i9dQZF1DWZuIX5Q3yUjF,0.531,0.716,0.729,0.0,0.645,0.428
5,03w45P2Br5z0Y4kyvhTKlh,63,37i9dQZF1DWZuIX5Q3yUjF,0.615,0.689,0.178,0.0,0.117,0.523
6,6xGlBUxlWB6BTUIB3AYrTw,42,37i9dQZF1DWZuIX5Q3yUjF,0.42,0.624,0.613,0.000283,0.108,0.434
7,1eCtqVLTiNXOIelAyg7RqA,25,37i9dQZF1DWZuIX5Q3yUjF,0.688,0.57,0.0894,0.0,0.198,0.158
8,1gwcz7W3VgOYKlIdTykPhy,52,37i9dQZF1DWZuIX5Q3yUjF,0.626,0.604,0.473,0.00534,0.211,0.36
9,11M65eBc6Nn2Xz4sSqp74t,66,37i9dQZF1DWZuIX5Q3yUjF,0.719,0.663,0.0664,0.000328,0.327,0.379
10,3eBhdxzIt6VcPVexAA68QT,34,37i9dQZF1DWZuIX5Q3yUjF,0.563,0.869,0.00947,0.0,0.422,0.523
11,5PSWmQpJrYFZBBehU0v09E,31,37i9dQZF1DWZuIX5Q3yUjF,0.618,0.52,0.381,0.00201,0.262,0.29
12,55XKT8nyvkb4YlaxdrMrBq,32,37i9dQZF1DWZuIX5Q3yUjF,0.584,0.381,0.75,0.0,0.146,0.517
13,2xmkr6aeNhG9QW1ecoGYl8,34,37i9dQZF1DWZuIX5Q3yUjF,0.543,0.751,0.673,0.0,0.169,0.506
14,3LoPklEXqT6iCQDQslGWDW,29,37i9dQZF1DWZuIX5Q3yUjF,0.627,0.587,0.304,0.0,0.074,0.358
15,2tWFQujrrU9UCDdkOTnqwr,30,37i9dQZF1DWZuIX5Q3yUjF,0.352,0.481,0.459,0.005,0.127,0.0909
16,1e24wk42udtaqRbDDL5kU9,32,37i9dQZF1DWZuIX5Q3yUjF,0.736,0.578,0.031,0.0,0.0903,0.676
17,3VGJcyguewRfIS9WfKRHuM,34,37i9dQZF1DWZuIX5Q3yUjF,0.742,0.818,0.0151,1.34e-05,0.126,0.774
18,1veReHjJIxYAuKDXTr1p5T,25,37i9dQZF1DWZuIX5Q3yUjF,0.743,0.742,0.382,0.0017,0.103,0.616
19,3gKvDIkVfnVUaml9MjOZsX,28,37i9dQZF1DWZuIX5Q3yUjF,0.841,0.609,0.103,0.0,0.097,0.81
20,1UNQsvJJaMU8nO77VEWmHD,22,37i9dQZF1DWZuIX5Q3yUjF,0.569,0.682,0.134,0.0,0.134,0.292
21,25PSYKCaE27qE1gjhDv6BA,45,37i9dQZF1DWZuIX5Q3yUjF,0.667,0.61,0.0689,0.0,0.556,0.878
22,2Iwr7RPfSZcuEljEI2yfR4,36,37i9dQZF1DWZuIX5Q3yUjF,0.707,0.602,0.548,0.0,0.109,0.549
23,3FbEYCFJR2B5K42q6wFjT4,34,37i9dQZF1DWZuIX5Q3yUjF,0.88,0.503,0.376,0.00212,0.105,0.28
24,54QgXCDYV7vc6dPBckXSnW,26,37i9dQZF1DWZuIX5Q3yUjF,0.568,0.473,0.384,0.000213,0.212,0.493
25,0ejxid2nV1DsBbFtzS1GNZ,21,37i9dQZF1DWZuIX5Q3yUjF,0.791,0.741,0.0446,0.000117,0.165,0.267
26,5gHP2viX3WlMYjyhvOiv8B,27,37i9dQZF1DWZuIX5Q3yUjF,0.714,0.556,0.085,0.00343,0.235,0.786
27,1foqd0uIrJg2HZYxTXPEM8,29,37i9dQZF1DWZuIX5Q3yUjF,0.642,0.511,0.108,0.0,0.234,0.463
28,3ILta8SPlsWdOueRYzc5mL,59,37i9dQZF1DWZuIX5Q3yUjF,0.483,0.564,0.577,2.19e-05,0.103,0.414
29,5V6m4JbydjZ4nZPCNh3Ja5,25,37i9dQZF1DWZuIX5Q3yUjF,0.693,0.517,0.255,0.0,0.197,0.396
30,2wqNwoWmT36RLOW3igDPes,28,37i9dQZF1DWZuIX5Q3yUjF,0.564,0.474,0.428,0.0,0.0894,0.601
31,1XXQcB1zomIbxVqDxAaoZE,28,37i9dQZF1DWZuIX5Q3yUjF,0.806,0.288,0.364,3.75e-06,0.108,0.462
32,5snzqLHHfC3PDChIta6ykf,34,37i9dQZF1DWZuIX5Q3yUjF,0.595,0.424,0.202,0.014,0.135,0.103
33,05HJPD3XmvELk1XkUHESk7,19,37i9dQZF1DWZuIX5Q3yUjF,0.775,0.487,0.0327,0.0,0.191,0.264
34,73z3wbfBE0SvMurARjGU1q,35,37i9dQZF1DWZuIX5Q3yUjF,0.77,0.663,0.0606,2.51e-06,0.148,0.66
35,3DG7EHsDkC6tj7D0oQNwWK,51,37i9dQZF1DWZuIX5Q3yUjF,0.527,0.337,0.648,0.0,0.175,0.651
36,0tMWgsyZpCv1HhNR9sZxWe,24,37i9dQZF1DWZuIX5Q3yUjF,0.7,0.766,0.0409,0.00186,0.406,0.607
37,4rq2xsPvSoYjJ0NlYUY6Ef,32,37i9dQZF1DWZuIX5Q3yUjF,0.681,0.672,0.611,0.0,0.138,0.692
38,5xv5BACssnE79f9jmYOZ3z,13,37i9dQZF1DWZuIX5Q3yUjF,0.499,0.383,0.781,0.000223,0.122,0.338
39,1uGOr4x8jxiVDFJe16JpIM,29,37i9dQZF1DWZuIX5Q3yUjF,0.678,0.502,0.554,0.626,0.335,0.106
40,0H5tubrS0IuLTuqvNDQSiU,58,37i9dQZF1DWZuIX5Q3yUjF,0.735,0.584,0.477,1.18e-05,0.16,0.423
41,6PgeCLbbfmOJ72C7oiF8qn,20,37i9dQZF1DWZuIX5Q3yUjF,0.688,0.683,0.0305,0.0,0.126,0.758
42,1bDoLDft3BkmF92EMdHwBG,27,37i9dQZF1DWZuIX5Q3yUjF,0.775,0.418,0.396,0.0,0.257,0.419
43,3zdVa9wy2Cq4dNUwQkSNne,40,37i9dQZF1DWZuIX5Q3yUjF,0.701,0.614,0.319,0.0,0.157,0.663
44,5bTlnbINXYTZc0gBZOjKaT,25,37i9dQZF1DWZuIX5Q3yUjF,0.725,0.431,0.185,0.684,0.209,0.294
45,6ecBSPnmO7FuhCk0elBYzU,30,37i9dQZF1DWZuIX5Q3yUjF,0.791,0.651,0.0177,0.00146,0.0987,0.35
46,2yghtv6CfJ2cWTDu4wDvbH,38,37i9dQZF1DWZuIX5Q3yUjF,0.686,0.753,0.396,0.0,0.303,0.85
47,5SV29vXmmcAiRY8mEkXvFo,22,37i9dQZF1DWZuIX5Q3yUjF,0.597,0.63,0.541,1.97e-06,0.161,0.424
48,4O3sAZoZDIhNRcfHNuU4Ps,72,37i9dQZF1DWTbGYZ9Pq4TH,0.737,0.726,0.0261,0.0,0.111,0.564
49,5LZVK19ieaV8Mk9FsqTL3F,68,37i9dQZF1DWTbGYZ9Pq4TH,0.713,0.902,0.0493,0.0,0.0781,0.72
50,6Ahg1hncxUdK0ICqU03BCu,71,37i9dQZF1DWTbGYZ9Pq4TH,0.623,0.663,0.0624,4.49e-06,0.0922,0.346
51,2dSimaa1gqyr0U0il3gMmd,56,37i9dQZF1DWTbGYZ9Pq4TH,0.414,0.434,0.882,4.58e-06,0.106,0.213
52,0WBg2If3H9nN9RFl2xO2SZ,67,37i9dQZF1DWTbGYZ9Pq4TH,0.459,0.696,0.126,0.0,0.198,0.422
53,5OaBhC8NjdqDhHF9I6r9lS,59,37i9dQZF1DWTbGYZ9Pq4TH,0.417,0.626,0.218,0.0,0.0805,0.144
54,3E1FgPTXX203rgBTD5nlKF,68,37i9dQZF1DWTbGYZ9Pq4TH,0.685,0.764,0.45,0.0,0.227,0.315
55,2hfBefasNaEEgnxD4Pdsar,58,37i9dQZF1DWTbGYZ9Pq4TH,0.617,0.42,0.221,0.000576,0.0973,0.174
56,1MHJZhEo79mKEK349W188E,49,37i9dQZF1DWTbGYZ9Pq4TH,0.498,0.682,0.271,1.08e-06,0.0965,0.366
57,15RRpHBNzv0gvjIry4jyOs,65,37i9dQZF1DWTbGYZ9Pq4TH,0.466,0.509,0.2,0.0,0.0872,0.342
58,1qMx707PFdFXdwLvcUTNz3,63,37i9dQZF1DWTbGYZ9Pq4TH,0.568,0.678,0.428,0.0,0.107,0.241
59,0XRxwt5AoIFG0cIfRnb2f2,54,37i9dQZF1DWTbGYZ9Pq4TH,0.529,0.427,0.724,0.0,0.144,0.492
60,7LYUIppHHkuKeIyfWwUEvj,55,37i9dQZF1DWTbGYZ9Pq4TH,0.537,0.387,0.752,0.00146,0.115,0.281
61,3p7cBuKJZptTsumpOxOxo9,54,37i9dQZF1DWTbGYZ9Pq4TH,0.393,0.205,0.804,6.72e-06,0.0638,0.0804
62,4wygbO6TTzMIy745rxcmdT,55,37i9dQZF1DWTbGYZ9Pq4TH,0.55,0.612,0.0693,0.0,0.0907,0.293
63,6SZMYfcEOgv7a7fhArmrQQ,52,37i9dQZF1DWTbGYZ9Pq4TH,0.586,0.625,0.153,0.0,0.132,0.493
64,2pWzPQ2lhuEE2sb3aPKMHX,57,37i9dQZF1DWTbGYZ9Pq4TH,0.591,0.379,0.069,1.98e-05,0.0923,0.49
65,3hV8uIYz5D5orhpgqixZHj,64,37i9dQZF1DWTbGYZ9Pq4TH,0.567,0.678,0.00385,3.06e-05,0.232,0.198
66,6tZuvbPGzTekaD17rj9RlA,56,37i9dQZF1DWTbGYZ9Pq4TH,0.404,0.696,0.401,0.0,0.129,0.36
67,6Vw7SyOg1BcWvGpyPzWgEa,64,37i9dQZF1DWTbGYZ9Pq4TH,0.672,0.799,0.00649,0.0,0.0694,0.917
68,7Imr3iWPjlPs208jw92W5J,42,37i9dQZF1DWTbGYZ9Pq4TH,0.534,0.523,0.366,0.0,0.116,0.246
69,2cf1g08CvDuhwXFqxjetQi,62,37i9dQZF1DWTbGYZ9Pq4TH,0.442,0.557,0.357,0.0,0.11,0.124
70,0pFjYM7JdNJhjuooMgesks,66,37i9dQZF1DWTbGYZ9Pq4TH,0.472,0.293,0.876,0.0,0.0972,0.379
71,05G23JkXHRv3NJ9hENaafi,59,37i9dQZF1DWTbGYZ9Pq4TH,0.435,0.578,0.275,0.0,0.158,0.147
72,5U3ln41nbhztweY70Mv5b3,58,37i9dQZF1DWTbGYZ9Pq4TH,0.573,0.722,0.17,0.0,0.11,0.198
73,6oDAlwyZAHxi47aAJ6Kvw7,42,37i9dQZF1DWTbGYZ9Pq4TH,0.477,0.618,0.0203,0.0,0.0901,0.186
74,7wQ9SAdzNgJ7dR1mXQiYfF,52,37i9dQZF1DWTbGYZ9Pq4TH,0.51,0.733,0.0396,0.0,0.154,0.372
75,4xyp77VPg90ezi7N1p99a5,53,37i9dQZF1DWTbGYZ9Pq4TH,0.607,0.606,0.555,3.54e-06,0.108,0.474
76,5r7QKGgvvUouXqMube17j5,42,37i9dQZF1DWTbGYZ9Pq4TH,0.367,0.377,0.859,1.07e-06,0.161,0.123
77,6iLvjH0HEU71q31DAfKt10,51,37i9dQZF1DWTbGYZ9Pq4TH,0.498,0.641,0.376,0.0,0.195,0.196
78,6bMfEx9nIYsmFjiJl6P9NY,53,37i9dQZF1DWTbGYZ9Pq4TH,0.633,0.532,0.847,0.0,0.101,0.317
79,31cYqUNrUQ0oCarV0Gqis9,32,37i9dQZF1DWTbGYZ9Pq4TH,0.683,0.42,0.225,0.0,0.146,0.148
80,6nxwXubrJ26ZTYrgbNHtvX,36,37i9dQZF1DWTbGYZ9Pq4TH,0.482,0.478,0.473,0.00195,0.227,0.391
81,1of8D9YF8T2nkLuk30JZNX,56,37i9dQZF1DWTbGYZ9Pq4TH,0.721,0.596,0.229,0.0,0.193,0.434
82,3Cbaa4ZmODhKEGSkMsbkOO,47,37i9dQZF1DWTbGYZ9Pq4TH,0.582,0.717,0.0965,1.42e-05,0.398,0.227
83,42QwfNehRxZzLhQCh7Jfkr,40,37i9dQZF1DWTbGYZ9Pq4TH,0.443,0.444,0.704,1.9e-06,0.11,0.219
84,3roodBW6Fdvl8R2cooFU7L,53,37i9dQZF1DWTbGYZ9Pq4TH,0.561,0.639,0.425,0.0,0.0782,0.468
85,6JXlccLNpK7F2XFwHuMy23,58,37i9dQZF1DWTbGYZ9Pq4TH,0.457,0.49,0.634,1.9e-06,0.118,0.356
86,3L1uLi5dUwHXyPr1qdFTOS,54,37i9dQZF1DWTbGYZ9Pq4TH,0.677,0.677,0.137,0.0,0.0731,0.251
87,5HF1iln0igvRCNulsEYvTL,34,37i9dQZF1DWTbGYZ9Pq4TH,0.512,0.583,0.186,0.0,0.113,0.145
88,1mJQoOICr4UlV6nG3EI4NN,48,37i9dQZF1DWTbGYZ9Pq4TH,0.44,0.453,0.369,0.0,0.207,0.135
89,2ZfN2wRHwwbFd7Ok0L3wQ6,57,37i9dQZF1DWTbGYZ9Pq4TH,0.443,0.375,0.868,0.0,0.115,0.451
90,5YBseYFfboIucgnDKQcNpn,34,37i9dQZF1DWTbGYZ9Pq4TH,0.576,0.575,0.53,0.0379,0.0473,0.409
91,5JYMRX7TnPrEYkmwKOMmVD,50,37i9dQZF1DWTbGYZ9Pq4TH,0.623,0.388,0.541,0.0,0.0853,0.396
92,3V2TMVsl5LlDvEVff9hw31,47,37i9dQZF1DWTbGYZ9Pq4TH,0.535,0.607,0.264,0.0,0.161,0.292
93,2r1SRt8bhtR6a9bMRR0AgV,57,37i9dQZF1DWTbGYZ9Pq4TH,0.701,0.744,0.169,0.0,0.115,0.651
94,5vHsUVkTrMZjS0Qn0c55rZ,50,37i9dQZF1DWTbGYZ9Pq4TH,0.566,0.613,0.269,0.0,0.236,0.378
95,35QutYlXHDefIzlO4GjXjk,51,37i9dQZF1DWTbGYZ9Pq4TH,0.394,0.794,0.272,0.0,0.103,0.585
96,6t4XT3FQGdB7EjqvfAahNx,55,37i9dQZF1DWTbGYZ9Pq4TH,0.479,0.404,0.757,0.0,0.0966,0.495
97,4NYQscGbPD7Xn9Z5W1wNio,47,37i9dQZF1DWTbGYZ9Pq4TH,0.45,0.414,0.459,0.0,0.0976,0.392
98,4gjmX7aKN7tVt3eqi4aP9P,45,37i9dQZF1DX3kkOVvCOkIe,0.508,0.708,0.586,0.0,0.105,0.875
99,6j1ocCw7gfXPFpp9j8GJRt,53,37i9dQZF1DX3kkOVvCOkIe,0.645,0.402,0.0859,1.25e-06,0.0532,0.559
100,0eyUA8u50yg6iCiwG0vJQl,50,37i9dQZF1DX3kkOVvCOkIe,0.482,0.834,0.306,0.0,0.158,0.642
101,2pWzPQ2lhuEE2sb3aPKMHX,57,37i9dQZF1DX3kkOVvCOkIe,0.591,0.379,0.069,1.98e-05,0.0923,0.49
102,36XPOeckJ4lrFDLNZI8qwF,50,37i9dQZF1DX3kkOVvCOkIe,0.293,0.657,0.644,0.0,0.972,0.356
103,1WrT3pRtE32H2lyLPQFJq1,47,37i9dQZF1DX3kkOVvCOkIe,0.583,0.669,0.362,4.08e-06,0.313,0.546
104,0LtW3MVVagosqQYDq8ClZe,49,37i9dQZF1DX3kkOVvCOkIe,0.651,0.655,0.631,0.0,0.513,0.511
105,6DW6aDnyAJW38E54i80m3q,52,37i9dQZF1DX3kkOVvCOkIe,0.684,0.415,0.293,0.0,0.087,0.392
106,4X6vqZgHpqjWAgIfBaE5q5,55,37i9dQZF1DX3kkOVvCOkIe,0.592,0.832,0.215,0.0,0.111,0.775
107,2kPdlregZpKviUqQm4W2AZ,47,37i9dQZF1DX3kkOVvCOkIe,0.581,0.678,0.168,0.0,0.117,0.75
108,2T2t1DXwzdilKF3BQPHREo,58,37i9dQZF1DX3kkOVvCOkIe,0.31,0.137,0.731,0.000254,0.429,0.112
109,5BTBBUwbXB7AVTUd5maNee,50,37i9dQZF1DX3kkOVvCOkIe,0.45,0.567,0.765,0.0,0.114,0.152
110,0bcrOUFQTXyJCC1lT2xfWI,47,37i9dQZF1DX3kkOVvCOkIe,0.473,0.603,0.185,9.24e-05,0.566,0.352
111,0SWD1ivKy2Abg0OHikKpVw,41,37i9dQZF1DX3kkOVvCOkIe,0.404,0.376,0.65,0.0,0.086,0.25
112,5NzWbTJOakrvq3g83UoD25,50,37i9dQZF1DX3kkOVvCOkIe,0.708,0.462,0.376,6.34e-06,0.237,0.537
113,2g3wyAWIAvmjfZ8K6Jb4Zn,54,37i9dQZF1DX3kkOVvCOkIe,0.666,0.515,0.0654,0.0152,0.0687,0.687
114,135nZjycUXnXt56lRaybXp,47,37i9dQZF1DX3kkOVvCOkIe,0.732,0.688,0.122,1.8e-05,0.143,0.849
115,1HVMNGm6RhLKbqRl0cQa3A,53,37i9dQZF1DX3kkOVvCOkIe,0.559,0.732,0.158,0.0,0.134,0.563
116,57J7lg7C1IZRxvA13J1nhw,51,37i9dQZF1DX3kkOVvCOkIe,0.466,0.285,0.755,1.07e-05,0.144,0.231
117,2w2VPjwO34HBcWGMejcFAA,55,37i9dQZF1DX3kkOVvCOkIe,0.459,0.251,0.672,1.26e-06,0.054,0.263
118,4oMz10yoTbd1Xabgl7D1js,42,37i9dQZF1DX3kkOVvCOkIe,0.5,0.473,0.407,5.93e-05,0.11,0.233
119,1kc8vFipscBShNDVWoCTUY,46,37i9dQZF1DX3kkOVvCOkIe,0.66,0.666,0.304,0.00566,0.191,0.56
120,5QKRTdqD7dgOIWMYXUmD6J,55,37i9dQZF1DX3kkOVvCOkIe,0.394,0.533,0.474,1.42e-06,0.19,0.422
121,35v78oXDzcYDtPWrPsSdYj,48,37i9dQZF1DX3kkOVvCOkIe,0.717,0.736,0.109,7.01e-06,0.344,0.806
122,6b3QzFpktM9iBopYOneBTo,39,37i9dQZF1DX3kkOVvCOkIe,0.672,0.545,0.652,6.75e-05,0.0545,0.533
123,3Qjr2mNDOn24M4Y50hR9hJ,53,37i9dQZF1DX3kkOVvCOkIe,0.547,0.539,0.117,0.0,0.357,0.775
124,0O7KQqwVlMvptBVJMbzCHv,54,37i9dQZF1DX3kkOVvCOkIe,0.479,0.322,0.538,0.0,0.126,0.22
125,7tPbC6Z5Sjjyc3QUMNqwuX,46,37i9dQZF1DX3kkOVvCOkIe,0.564,0.848,0.288,0.0,0.0993,0.734
126,5L4U3XOgp8QUG5bSRtTm2y,39,37i9dQZF1DX3kkOVvCOkIe,0.439,0.879,0.00131,1.26e-05,0.0364,0.678
127,6Pm5m45fMlLOJ8pKBHKzSc,43,37i9dQZF1DX3kkOVvCOkIe,0.776,0.537,0.145,5.76e-06,0.0887,0.677
128,6fB3Wy1x9EdhfFwqy8lJcZ,53,37i9dQZF1DX3kkOVvCOkIe,0.554,0.869,0.209,0.0,0.0495,0.718
129,6WzcFm75LGG797pWdgputo,44,37i9dQZF1DX3kkOVvCOkIe,0.58,0.188,0.755,0.000102,0.0541,0.136
130,0fHoky7DVJyQOd9SGOrSdr,50,37i9dQZF1DX3kkOVvCOkIe,0.78,0.863,0.172,0.0,0.0568,0.596
131,2TRcaf9JMAzMifZ6LcVCmC,49,37i9dQZF1DX3kkOVvCOkIe,0.507,0.272,0.677,0.0171,0.127,0.362
132,6fLutWYQE6b4hi4evACwwa,56,37i9dQZF1DX3kkOVvCOkIe,0.645,0.289,0.386,0.00157,0.0854,0.47
133,3nMQMdlNAlPJVwJ6frem76,44,37i9dQZF1DX3kkOVvCOkIe,0.643,0.779,0.58,0.0,0.187,0.684
134,775TBYxz24h0wNkxDlfzp5,46,37i9dQZF1DX3kkOVvCOkIe,0.654,0.644,0.298,1.33e-06,0.301,0.657
135,7uQuSHXICONzPv91hqMBmf,50,37i9dQZF1DX3kkOVvCOkIe,0.655,0.443,0.428,3.61e-05,0.0363,0.745
136,5aqLXmh8SpcmR21finoww3,50,37i9dQZF1DX3kkOVvCOkIe,0.458,0.66,0.154,4.45e-05,0.381,0.959
137,3jha4vqHSIA88UkvXVTMxT,44,37i9dQZF1DX3kkOVvCOkIe,0.404,0.598,0.319,0.0,0.12,0.238
138,4JFVL3OMGu4hVkLCTOQk8j,43,37i9dQZF1DX3kkOVvCOkIe,0.681,0.903,0.163,5.64e-05,0.0629,0.862
139,6jJyD8pUBYpBCGiUpTLaOd,39,37i9dQZF1DX3kkOVvCOkIe,0.579,0.6,0.295,0.0,0.177,0.465
140,6HYm04mKq02OtLMf6sGEFR,58,37i9dQZF1DX3kkOVvCOkIe,0.413,0.142,0.759,3.19e-06,0.142,0.164
141,7lhMwmewNFbRl8EuVZ9eFb,56,37i9dQZF1DX3kkOVvCOkIe,0.689,0.533,0.577,2.4e-05,0.262,0.367
142,2NR0U5CkpEoV68zlNHtOiJ,43,37i9dQZF1DX3kkOVvCOkIe,0.35,0.199,0.824,0.0057,0.114,0.178
143,14K0I2XngCqxazt1EfJkZj,38,37i9dQZF1DX3kkOVvCOkIe,0.644,0.72,0.286,0.0,0.132,0.711
144,1QWjTYGEsu3WPcDjzPBWjC,39,37i9dQZF1DX3kkOVvCOkIe,0.579,0.412,0.802,1.49e-05,0.0669,0.26
145,70VXILTu9LqZNDc1VmqDGg,53,37i9dQZF1DX3kkOVvCOkIe,0.784,0.718,0.0691,1.02e-05,0.571,0.934
146,172A6gbsmyhqcJzzQDUMG5,45,37i9dQZF1DX3kkOVvCOkIe,0.781,0.738,0.0196,0.0,0.36,0.741
147,0xZGPXJ0vzeWIcVlwI4jY8,47,37i9dQZF1DX3kkOVvCOkIe,0.727,0.816,0.301,0.0,0.594,0.623
148,4E5V1eKWJSmI3kNLjyxmny,39,37i9dQZF1DX3kkOVvCOkIe,0.515,0.743,0.292,0.00634,0.193,0.432
149,3p7cBuKJZptTsumpOxOxo9,54,37i9dQZF1DX3kkOVvCOkIe,0.393,0.205,0.804,6.72e-06,0.0638,0.0804
150,7ChPpJadhPshIgHtk9Urnt,0,37i9dQZF1DX3kkOVvCOkIe,0.724,0.587,0.0357,6.15e-06,0.163,0.837
151,3LashxAsOA6XO85Zi3LafS,51,37i9dQZF1DX3kkOVvCOkIe,0.377,0.383,0.104,0.0209,0.482,0.573
152,5ZODincIREhQ6RYnoJdXNd,50,37i9dQZF1DX3kkOVvCOkIe,0.616,0.306,0.43,0.0,0.133,0.305
153,0VyVq4tYXvXNnlHYnq4ISb,41,37i9dQZF1DX3kkOVvCOkIe,0.571,0.681,0.0219,0.0,0.178,0.666
154,3jPIITsDUTcZNCE3Y7dSE6,37,37i9dQZF1DX3kkOVvCOkIe,0.682,0.446,0.725,0.0,0.146,0.294
155,5HAri7dfAKqA7vTAt8vwMB,41,37i9dQZF1DX3kkOVvCOkIe,0.839,0.902,0.14,0.00363,0.321,0.857
156,7GySgVTbBBE7JaNhCTCfS1,37,37i9dQZF1DX3kkOVvCOkIe,0.645,0.469,0.676,0.0,0.186,0.323
157,4NZwbsmOdKpyxbkeFm69pI,48,37i9dQZF1DX3kkOVvCOkIe,0.561,0.658,0.211,0.0,0.0953,0.379
158,2gq6d9KkrE4RLkjWa3TMVu,51,37i9dQZF1DX3kkOVvCOkIe,0.459,0.424,0.261,0.0,0.115,0.183
159,5PXaja7dpezSS8nSDsyfb7,43,37i9dQZF1DX3kkOVvCOkIe,0.659,0.72,0.013,0.0,0.311,0.57
160,18tm5JUv0wMllGkoHMAdnL,45,37i9dQZF1DX3kkOVvCOkIe,0.424,0.752,0.648,0.0,0.669,0.577
161,4Ak0UaodK4JW3B8rHIEv3R,44,37i9dQZF1DX3kkOVvCOkIe,0.713,0.799,0.115,5.6e-06,0.242,0.92
162,6FofVmsYAs2FNeOdzQJnnW,54,37i9dQZF1DX3kkOVvCOkIe,0.891,0.707,0.308,1.06e-06,0.188,0.97
163,1S2qIzvjFcbYL6UF9E2MjD,44,37i9dQZF1DX3kkOVvCOkIe,0.565,0.806,0.138,0.000273,0.0736,0.296
164,3ShEGKdskF0ke7iW2u9gjD,61,37i9dQZF1DX3kkOVvCOkIe,0.604,0.344,0.313,4.36e-05,0.0815,0.488
165,5YO49mM0oCaAeU6y4Hwziw,41,37i9dQZF1DX3kkOVvCOkIe,0.501,0.508,0.694,0.0,0.108,0.276
166,75YtorH9BgIEl5VfvnXOpf,39,37i9dQZF1DX3kkOVvCOkIe,0.705,0.837,0.0844,0.00019,0.0407,0.868
167,60EEXkcmWxZBtv2GIpngfY,46,37i9dQZF1DX3kkOVvCOkIe,0.677,0.742,0.27,0.0,0.0904,0.96
168,7bcHU50mENL3al5DhEJc7J,52,37i9dQZF1DX3kkOVvCOkIe,0.669,0.665,0.107,6.12e-05,0.0704,0.887
169,4qvkB7tOgSqgSqbpKWGOrO,37,37i9dQZF1DX3kkOVvCOkIe,0.819,0.529,0.522,0.477,0.106,0.661
170,1O9Y2ApJCmPCTijrh9HysK,29,37i9dQZF1DX3kkOVvCOkIe,0.7,0.776,0.571,0.0,0.191,0.78
171,6r7TYfmeQr6rU7asA1OyZf,51,37i9dQZF1DX3kkOVvCOkIe,0.582,0.678,0.444,0.0,0.139,0.502
172,7sXTcibuNYugjjYNfgf2kY,62,37i9dQZF1DX3kkOVvCOkIe,0.71,0.625,0.489,0.0,0.439,0.814
173,1p5RfaVSHJhd3SCzBEikDp,39,37i9dQZF1DX3kkOVvCOkIe,0.535,0.588,0.125,2.13e-05,0.123,0.461
174,0C9rBeWAsPhmBeaYKZLN5m,52,37i9dQZF1DX3kkOVvCOkIe,0.677,0.778,0.526,1.54e-05,0.206,0.73
175,17v4BXFKtbYmJFPqBgpGla,50,37i9dQZF1DX3kkOVvCOkIe,0.582,0.73,0.157,8.56e-06,0.0612,0.301
176,1lxEENvXYLcyWXa4xwWTXl,39,37i9dQZF1DX3kkOVvCOkIe,0.59,0.42,0.222,0.0302,0.0952,0.32
177,11GOQGHOklyufCl04WM8Kc,30,37i9dQZF1DX3kkOVvCOkIe,0.682,0.912,0.458,4.11e-06,0.0578,0.604
178,1AsCxLAvSfilIM9ubCf89B,52,37i9dQZF1DX3kkOVvCOkIe,0.781,0.72,0.138,0.03,0.0327,0.745
179,0TjBZWBfUQ1eeWuYMgchZG,54,37i9dQZF1DX3kkOVvCOkIe,0.703,0.707,0.262,4.41e-06,0.0389,0.717
180,3KXfXZNNGdYUmHbDOCCLeK,45,37i9dQZF1DX3kkOVvCOkIe,0.725,0.818,0.368,2.46e-05,0.119,0.909
181,5dfhwsPg90wDcNqY4H8FFC,43,37i9dQZF1DX3kkOVvCOkIe,0.36,0.336,0.499,0.0,0.367,0.295
182,0EOdowktdF7kczBbqstCfF,41,37i9dQZF1DX3kkOVvCOkIe,0.634,0.439,0.079,0.000221,0.188,0.727
183,0CWJIpU0D8Bk78H1k7ELC6,35,37i9dQZF1DX3kkOVvCOkIe,0.849,0.649,0.379,9.75e-05,0.0796,0.634
184,3Qc7Clf7yjpX3MQ5AZ4XaQ,39,37i9dQZF1DX3kkOVvCOkIe,0.552,0.515,0.376,1.41e-05,0.296,0.656
185,1pg7tBJm61GLue6KiUE4Mj,37,37i9dQZF1DX3kkOVvCOkIe,0.63,0.836,0.254,0.0,0.197,0.851
186,7tVEeTbzEJkHP0EqUu6rmf,54,37i9dQZF1DX3kkOVvCOkIe,0.738,0.841,0.522,0.0,0.107,0.789
187,5jOAhQaBlo4MsuL6pFjtli,39,37i9dQZF1DX3kkOVvCOkIe,0.542,0.345,0.595,0.0,0.214,0.304
188,2J5IKn5qj1VVTK5920hSgh,41,37i9dQZF1DX3kkOVvCOkIe,0.608,0.681,0.245,0.0,0.0514,0.429
189,2S7RApTsKT0CtYojYq2cKz,63,37i9dQZF1DX3kkOVvCOkIe,0.617,0.519,0.292,0.0,0.411,0.692
190,27nfrOYTDXfhzDd8Qcy2aj,46,37i9dQZF1DX3kkOVvCOkIe,0.839,0.789,0.0725,0.201,0.0599,0.966
191,01FLUtJ3RDEnCqRfodGlSL,33,37i9dQZF1DX3kkOVvCOkIe,0.34,0.579,0.674,4.11e-06,0.675,0.346
192,3dZHWv3IsAQLzAr7FLJoJA,58,37i9dQZF1DX3kkOVvCOkIe,0.592,0.481,0.229,0.0,0.291,0.641
193,4iJG9xmyrUhi4QqXMOZw2y,42,37i9dQZF1DX3kkOVvCOkIe,0.467,0.343,0.487,0.0,0.119,0.385
194,2KRwRHdvkkH4ePljVkmGuX,40,37i9dQZF1DX3kkOVvCOkIe,0.661,0.963,0.0418,0.00133,0.0978,0.938
195,50f0mt35cIwwu3Krk7nS7b,58,37i9dQZF1DX3kkOVvCOkIe,0.868,0.788,0.0334,2.6e-05,0.0801,0.961
196,4cQsTxGlz6weYseclKV3AD,34,37i9dQZF1DX3kkOVvCOkIe,0.697,0.814,0.297,0.000566,0.0978,0.973
197,5ALxwREkxrpVSrsCt0zLcu,41,37i9dQZF1DX3kkOVvCOkIe,0.469,0.494,0.431,0.0,0.072,0.479
198,5Nm9ERjJZ5oyfXZTECKmRt,82,37i9dQZF1DX0s5kDXi1oC5,0.418,0.42,0.588,6.39e-05,0.11,0.184
199,4rHZZAmHpZrA3iH5zx8frV,80,37i9dQZF1DX0s5kDXi1oC5,0.574,0.512,0.234,0.0,0.0946,0.512
200,4Uoc2mSkjXENcUWhSTNm2I,50,37i9dQZF1DX0s5kDXi1oC5,0.787,0.646,0.0504,2.47e-05,0.104,0.426
201,4Ub8UsjWuewQrPhuepfVpd,74,37i9dQZF1DX0s5kDXi1oC5,0.679,0.715,0.0755,0.0,0.271,0.571
202,3tyPOhuVnt5zd5kGfxbCyL,74,37i9dQZF1DX0s5kDXi1oC5,0.719,0.847,0.00201,0.0204,0.223,0.444
203,6hmhG1b4LEyNuashVvuIAo,75,37i9dQZF1DX0s5kDXi1oC5,0.583,0.732,0.00312,9.86e-06,0.269,0.276
204,2Za1AlJNvksouPPWbXpR2X,72,37i9dQZF1DX0s5kDXi1oC5,0.712,0.51,0.446,2.46e-05,0.112,0.268
205,3cNjgVBKTJ1SvKhunrCdVy,74,37i9dQZF1DX0s5kDXi1oC5,0.513,0.768,0.0118,1.94e-05,0.294,0.235
206,1P17dC1amhFzptugyAO7Il,76,37i9dQZF1DX0s5kDXi1oC5,0.766,0.709,0.204,1.41e-05,0.126,0.506
207,7fBv7CLKzipRk6EC6TWHOB,86,37i9dQZF1DX0s5kDXi1oC5,0.585,0.564,0.0671,0.0,0.135,0.137
208,1CnPYaKxTVb4LWOtiGOm0m,70,37i9dQZF1DX0s5kDXi1oC5,0.617,0.567,0.0584,0.0,0.0933,0.505
209,2qPUnoasNe4Ep43emVXEig,71,37i9dQZF1DX0s5kDXi1oC5,0.633,0.673,0.297,0.0,0.206,0.659
210,4VrWlk8IQxevMvERoX08iC,78,37i9dQZF1DX0s5kDXi1oC5,0.399,0.787,0.0197,6.07e-05,0.0685,0.572
211,15JINEqzVMv3SvJTAXAKED,82,37i9dQZF1DX0s5kDXi1oC5,0.749,0.925,0.241,0.0,0.52,0.641
212,1qDrWA6lyx8cLECdZE7TV7,80,37i9dQZF1DX0s5kDXi1oC5,0.865,0.521,0.548,0.000115,0.0989,0.748
213,2ihCaVdNZmnHZWt0fvAM7B,81,37i9dQZF1DX0s5kDXi1oC5,0.457,0.757,0.0206,0.0,0.146,0.417
214,6Bjtr3tPdto5nyuLYf61sN,71,37i9dQZF1DX0s5kDXi1oC5,0.608,0.798,0.0736,0.0,0.156,0.501
215,43zdsphuZLzwA9k4DJhU0I,85,37i9dQZF1DX0s5kDXi1oC5,0.367,0.111,0.978,3.97e-05,0.0897,0.198
216,1Vv0MPcooEoQzVZYfKMgKW,68,37i9dQZF1DX0s5kDXi1oC5,0.649,0.79,0.0167,0.0,0.255,0.458
217,5WtfUKzXircvW8l5aaVZWT,75,37i9dQZF1DX0s5kDXi1oC5,0.516,0.467,0.662,0.0,0.0853,0.386
218,7iDa6hUg2VgEL1o1HjmfBn,78,37i9dQZF1DX0s5kDXi1oC5,0.643,0.783,0.047,0.0,0.083,0.579
219,37f4ITSlgPX81ad2EvmVQr,79,37i9dQZF1DX0s5kDXi1oC5,0.564,0.714,0.0549,0.0,0.155,0.33
220,5Z3GHaZ6ec9bsiI5BenrbY,81,37i9dQZF1DX0s5kDXi1oC5,0.799,0.539,0.199,1.66e-05,0.165,0.394
221,0Ev562zA4pmUsBqjxsxxdx,70,37i9dQZF1DX0s5kDXi1oC5,0.625,0.707,0.22,0.0,0.213,0.479
222,0AS63m1wHv9n4VVRizK6Hc,79,37i9dQZF1DX0s5kDXi1oC5,0.555,0.662,0.125,0.0,0.111,0.356
223,455AfCsOhhLPRc68sE01D8,76,37i9dQZF1DX0s5kDXi1oC5,0.649,0.815,0.00125,4.31e-05,0.671,0.765
224,2hgzdQdnfWwtdpZbhZlV72,72,37i9dQZF1DX0s5kDXi1oC5,0.757,0.678,0.0472,9.14e-06,0.0654,0.82
225,6uBhi9gBXWjanegOb2Phh0,77,37i9dQZF1DX0s5kDXi1oC5,0.69,0.622,0.253,0.0,0.116,0.544
226,1KZyVnyptQcPzkx7ELCnZC,68,37i9dQZF1DX0s5kDXi1oC5,0.715,0.715,0.0526,0.0,0.0936,0.507
227,7795WJLVKJoAyVoOtCWqXN,81,37i9dQZF1DX0s5kDXi1oC5,0.677,0.485,0.529,2.04e-05,0.0766,0.493
228,6FE2iI43OZnszFLuLtvvmg,81,37i9dQZF1DX0s5kDXi1oC5,0.72,0.791,0.0384,0.0,0.157,0.756
229,6ebkx7Q5tTxrCxKq4GYj0Y,76,37i9dQZF1DX0s5kDXi1oC5,0.616,0.869,0.0283,0.0,0.064,0.473
230,1r299qCKBLgUS9XJ9m1kEx,66,37i9dQZF1DX0s5kDXi1oC5,0.72,0.751,0.0113,0.0,0.353,0.599
231,0pNinHgutw1Q0ctKTH9e9z,43,37i9dQZF1DX0s5kDXi1oC5,0.677,0.592,0.134,3.24e-06,0.174,0.527
232,2ekn2ttSfGqwhhate0LSR0,81,37i9dQZF1DX0s5kDXi1oC5,0.762,0.7,0.00261,1.56e-05,0.153,0.608
233,1rIKgCH4H52lrvDcz50hS8,77,37i9dQZF1DX0s5kDXi1oC5,0.694,0.712,0.132,0.0,0.211,0.799
234,2toVe5hfuIi97ytDPDbQFt,73,37i9dQZF1DX0s5kDXi1oC5,0.866,0.613,0.0293,0.0,0.104,0.359
235,0CAfXk7DXMnon4gLudAp7J,80,37i9dQZF1DX0s5kDXi1oC5,0.918,0.609,0.0928,0.0,0.139,0.304
236,3dYD57lRAUcMHufyqn9GcI,83,37i9dQZF1DX0s5kDXi1oC5,0.566,0.664,0.634,0.0,0.116,0.437
237,3c8iiZGfEammKJuWTErE5x,73,37i9dQZF1DX0s5kDXi1oC5,0.778,0.566,0.672,0.000197,0.0698,0.479
238,58q2HKrzhC3ozto2nDdN4z,82,37i9dQZF1DX0s5kDXi1oC5,0.816,0.726,0.099,0.0,0.372,0.65
239,1i1fxkWeaMmKEB4T7zqbzK,80,37i9dQZF1DX0s5kDXi1oC5,0.532,0.869,0.157,0.00508,0.136,0.422
240,72TFWvU3wUYdUuxejTTIzt,77,37i9dQZF1DX0s5kDXi1oC5,0.725,0.534,0.0752,0.0,0.0919,0.558
241,6Knv6wdA0luoMUuuoYi2i1,78,37i9dQZF1DX0s5kDXi1oC5,0.688,0.702,0.0215,0.0,0.128,0.74
242,6g6A7qNhTfUgOSH7ROOxTD,66,37i9dQZF1DX0s5kDXi1oC5,0.76,0.652,0.0348,0.0,0.307,0.759
243,3AeicLnm55RqcXGBKYQolM,70,37i9dQZF1DX0s5kDXi1oC5,0.56,0.857,0.0594,0.0,0.381,0.432
244,0lYBSQXN6rCTvUZvg9S0lU,81,37i9dQZF1DX0s5kDXi1oC5,0.649,0.716,0.0863,2.63e-05,0.135,0.163
245,6CTWathupIiDs7U4InHnDA,75,37i9dQZF1DX0s5kDXi1oC5,0.477,0.61,0.225,0.0,0.107,0.358
246,60nZcImufyMA1MKQY3dcCH,80,37i9dQZF1DX0s5kDXi1oC5,0.647,0.822,0.219,0.0,0.0908,0.962
247,05SBRd4fXgn8FX7bf8BCAE,71,37i9dQZF1DX0s5kDXi1oC5,0.695,0.869,0.41,0.0,0.237,0.58
248,3w3y8KPTfNeOKPiqUTakBh,84,37i9dQZF1DX0s5kDXi1oC5,0.726,0.698,0.049,0.0,0.309,0.867
249,5WsxrJcbgobPj4V7lhs8Qf,49,37i9dQZF1DX0s5kDXi1oC5,0.686,0.718,0.00637,0.000703,0.119,0.557
250,5pfJsMwoRYKampPay8amX0,68,37i9dQZF1DX0s5kDXi1oC5,0.828,0.609,0.0916,1.21e-06,0.291,0.707
251,3VZQshi4COChhXaz7cLP02,65,37i9dQZF1DX0s5kDXi1oC5,0.714,0.905,0.00855,2.55e-05,0.146,0.838
252,3QGsuHI8jO1Rx4JWLUh9jd,82,37i9dQZF1DX0s5kDXi1oC5,0.444,0.819,0.106,0.0,0.107,0.747
253,2Zg0aB5oVQlbQE1vzQmIIY,68,37i9dQZF1DX0s5kDXi1oC5,0.638,0.51,0.344,0.0,0.212,0.448
254,6i0V12jOa3mr6uu4WYhUBr,82,37i9dQZF1DX0s5kDXi1oC5,0.732,0.396,0.0841,3.58e-05,0.105,0.548
255,5jE48hhRu8E6zBDPRSkEq7,73,37i9dQZF1DX0s5kDXi1oC5,0.807,0.887,0.0573,2.87e-06,0.124,0.961
256,3B54sVLJ402zGa6Xm4YGNe,81,37i9dQZF1DX0s5kDXi1oC5,0.726,0.769,0.0293,0.0101,0.104,0.733
257,09CtPGIpYB4BrO8qb1RGsF,80,37i9dQZF1DX0s5kDXi1oC5,0.654,0.76,0.0797,0.0,0.299,0.41
258,6aX2LyT7zpTLe3iZfDeHki,60,37i9dQZF1DX0s5kDXi1oC5,0.61,0.858,0.0284,0.0,0.102,0.421
259,3A7qX2QjDlPnazUsRk5y0M,69,37i9dQZF1DX0s5kDXi1oC5,0.548,0.65,0.219,0.0,0.225,0.557
260,0dXNQ8dckG4eYfEtq9zcva,76,37i9dQZF1DX0s5kDXi1oC5,0.538,0.804,0.0041,0.0,0.33,0.507
261,5knuzwU65gJK7IF5yJsuaW,76,37i9dQZF1DX0s5kDXi1oC5,0.72,0.763,0.406,0.0,0.18,0.742
262,2JzZzZUQj3Qff7wapcbKjc,81,37i9dQZF1DX0s5kDXi1oC5,0.689,0.481,0.369,1.03e-06,0.0649,0.283
263,3rKYiySCDMUKTw5kGVVhaa,66,37i9dQZF1DX0s5kDXi1oC5,0.795,0.616,0.417,0.0,0.349,0.815
264,3nc420PXjTdBV5TN0gCFkS,71,37i9dQZF1DX0s5kDXi1oC5,0.506,0.693,0.584,9.58e-05,0.0891,0.221
265,7KXjTSCq5nL1LoYtL7XAwS,82,37i9dQZF1DX0s5kDXi1oC5,0.908,0.621,0.000282,5.39e-05,0.0958,0.421
266,4HlFJV71xXKIGcU3kRyttv,83,37i9dQZF1DX0s5kDXi1oC5,0.673,0.886,0.185,0.0,0.0826,0.795
267,30BsewEJZPxfuLNAlZPFje,68,37i9dQZF1DX0s5kDXi1oC5,0.63,0.44,0.822,3.87e-06,0.0926,0.343
268,6M6Tk58pQvABy6ru66dY3d,71,37i9dQZF1DX0s5kDXi1oC5,0.674,0.915,0.0282,0.00337,0.273,0.78
269,1A8j067qyiNwQnZT0bzUpZ,77,37i9dQZF1DX0s5kDXi1oC5,0.792,0.717,0.0927,3.59e-05,0.226,0.466
270,72Bz4ciRZPBcVSw0nrZDHi,74,37i9dQZF1DX0s5kDXi1oC5,0.712,0.564,0.0266,0.0,0.0874,0.411
271,47BBI51FKFwOMlIiX6m8ya,79,37i9dQZF1DX0s5kDXi1oC5,0.689,0.694,0.257,0.0,0.148,0.482
272,3gnHm6E1NkMJUJr0mbRiBS,54,37i9dQZF1DX0s5kDXi1oC5,0.668,0.661,0.000897,0.0,0.201,0.361
273,4JYrpizOk0BX6BSKb0GU10,50,37i9dQZF1DXcb7YJnr6Ck4,0.327,0.385,0.869,0.00928,0.0597,0.312
274,3z5V7oSggDeCPeEGiCIu83,58,37i9dQZF1DXcb7YJnr6Ck4,0.623,0.236,0.864,0.0,0.148,0.349
275,6OtBIOTGkUT3ok8YXxs0Wl,56,37i9dQZF1DXcb7YJnr6Ck4,0.717,0.292,0.796,0.0,0.126,0.502
276,2JrSlOdxkzlJEAOPgIUhAj,57,37i9dQZF1DXcb7YJnr6Ck4,0.711,0.195,0.809,0.0,0.119,0.369
277,4r4aTOJc7K3iUIU3MEPw6I,59,37i9dQZF1DXcb7YJnr6Ck4,0.664,0.177,0.856,0.0,0.136,0.29
278,7pmFKH0FGGZrdss5qRd3lk,39,37i9dQZF1DXcb7YJnr6Ck4,0.386,0.356,0.894,0.0,0.11,0.188
279,2nBrIzKacrNdIxs90FlsT1,56,37i9dQZF1DXcb7YJnr6Ck4,0.494,0.214,0.92,1.07e-05,0.107,0.35
280,6TYlDTa9AQDvjqwbxlvFyI,68,37i9dQZF1DXcb7YJnr6Ck4,0.372,0.355,0.754,0.0,0.167,0.142
281,4jaWgF0XRhjp8NI0q4UQSa,48,37i9dQZF1DXcb7YJnr6Ck4,0.533,0.349,0.864,0.00407,0.101,0.236
282,7vg5fesQdq5I7Z7XGdyJd5,53,37i9dQZF1DXcb7YJnr6Ck4,0.596,0.195,0.926,0.0,0.139,0.176
283,352UHNRKcQBaGKReDvtyM4,52,37i9dQZF1DXcb7YJnr6Ck4,0.519,0.228,0.861,0.0,0.102,0.398
284,18PrtmAcNMgZNy1edWuXGb,57,37i9dQZF1DXcb7YJnr6Ck4,0.643,0.11,0.876,1.38e-05,0.112,0.152
285,5Kfbof2USqmBaEgRHd0VTk,50,37i9dQZF1DXcb7YJnr6Ck4,0.436,0.287,0.84,0.0,0.118,0.443
286,1TQXIltqoZ5XXyfCbAeSQQ,80,37i9dQZF1DXcb7YJnr6Ck4,0.629,0.328,0.768,2.5e-05,0.103,0.389
287,4bsHm0TWnCY7tTp65eQLLR,30,37i9dQZF1DXcb7YJnr6Ck4,0.497,0.126,0.943,0.000271,0.104,0.356
288,0v1yN5C75um5Wx2WPtFl6k,56,37i9dQZF1DXcb7YJnr6Ck4,0.568,0.213,0.955,0.0,0.113,0.302
289,6XDOFMTKoydw1z91btaNqk,45,37i9dQZF1DXcb7YJnr6Ck4,0.516,0.445,0.865,0.0201,0.103,0.129
290,1ERCrZMVMSpqDW4zmr4sRc,57,37i9dQZF1DXcb7YJnr6Ck4,0.51,0.229,0.86,3.03e-05,0.118,0.107
291,7d3s1XpWyIHZq20ie2ghSp,51,37i9dQZF1DXcb7YJnr6Ck4,0.553,0.229,0.861,0.0,0.103,0.231
292,0nXqnXFlnJwjhXDTbZDuav,53,37i9dQZF1DXcb7YJnr6Ck4,0.71,0.513,0.116,0.00124,0.104,0.248
293,2Z7UF5qoyCU6Ksnf6aTMOs,50,37i9dQZF1DXcb7YJnr6Ck4,0.402,0.216,0.919,0.0,0.318,0.278
294,0TziqLMlv3abspIvcEmxcY,70,37i9dQZF1DXcb7YJnr6Ck4,0.566,0.586,0.0171,0.0,0.202,0.428
295,5wMeDEn5Jt84L94MZQDBWg,53,37i9dQZF1DXcb7YJnr6Ck4,0.744,0.0953,0.751,4.2e-06,0.108,0.371
296,5kGEZyHyfKdyg4IktX1ekz,32,37i9dQZF1DXcb7YJnr6Ck4,0.351,0.363,0.237,7.47e-05,0.147,0.0634
297,4vf1WcZayO3JBuVwSS9tzL,59,37i9dQZF1DXcb7YJnr6Ck4,0.473,0.356,0.648,0.00957,0.101,0.211
298,4zYkSXrfgJyrNkNv3mTiIZ,55,37i9dQZF1DXcb7YJnr6Ck4,0.541,0.192,0.893,0.0,0.193,0.317
299,6ZyZGbujKBzxfzcjVOvGW5,59,37i9dQZF1DXcb7YJnr6Ck4,0.648,0.704,0.833,0.000252,0.362,0.438
300,30rvG8w7qtOnsqiUk6JSvE,46,37i9dQZF1DXcb7YJnr6Ck4,0.39,0.333,0.851,0.0187,0.104,0.0517
301,6JiJFGJOTJkQRoedadMhN8,50,37i9dQZF1DXcb7YJnr6Ck4,0.43,0.196,0.974,0.947,0.113,0.198
302,2JTJV2juDdUFYkgUeQtoLy,28,37i9dQZF1DXcb7YJnr6Ck4,0.446,0.354,0.912,2.06e-06,0.12,0.275
303,6If4a7ytTXliui3vJVi9px,50,37i9dQZF1DXcb7YJnr6Ck4,0.541,0.144,0.858,0.00237,0.129,0.123
304,674WNL7f5Xo8XxtipzB3ao,50,37i9dQZF1DXcb7YJnr6Ck4,0.634,0.176,0.931,1.6e-06,0.136,0.336
305,00IPZgU8xFEGwUCssQK4q0,46,37i9dQZF1DXcb7YJnr6Ck4,0.523,0.316,0.619,3.22e-05,0.163,0.235
306,68UBw70aGYCHPu0vxGMsvV,24,37i9dQZF1DXcb7YJnr6Ck4,0.391,0.0211,0.995,0.916,0.119,0.292
307,52iLDrSoRtf9lcgFuLVfqE,71,37i9dQZF1DXcb7YJnr6Ck4,0.681,0.292,0.743,0.0,0.0974,0.162
308,0Wc6cbF38a90b8wov9V63F,67,37i9dQZF1DXcb7YJnr6Ck4,0.633,0.242,0.515,0.0,0.0839,0.694
309,5pcjystBtalYeqaiXCcgEY,77,37i9dQZF1DXcb7YJnr6Ck4,0.589,0.496,0.818,0.0,0.101,0.44
310,6yKkgZBuakFy6SPtsZBR5H,59,37i9dQZF1DXcb7YJnr6Ck4,0.665,0.524,0.502,0.0,0.124,0.215
311,4ld2TeVRlaYNHWzi52dWsZ,41,37i9dQZF1DXcb7YJnr6Ck4,0.27,0.463,0.911,0.013,0.0835,0.0557
312,0KAFjeQ6jpmtKP4CW9m5X6,46,37i9dQZF1DXcb7YJnr6Ck4,0.656,0.3,0.87,0.0,0.0956,0.369
313,66MxyiQy54baNhSyg3wiIn,53,37i9dQZF1DXcb7YJnr6Ck4,0.376,0.172,0.958,0.0,0.354,0.347
314,0gySkOOewOdZtHG8stPEB8,65,37i9dQZF1DXcb7YJnr6Ck4,0.618,0.428,0.592,0.0,0.192,0.359
315,4yzgJXvWFXWGLd4vQMYo9p,51,37i9dQZF1DXcb7YJnr6Ck4,0.287,0.363,0.374,0.00011,0.362,0.0886
316,400rP1IUtE0joH1dQRwIof,29,37i9dQZF1DXcb7YJnr6Ck4,0.619,0.643,0.201,1.46e-05,0.13,0.385
317,1NWvbQI3bNfPxbxF9OQ1Ek,56,37i9dQZF1DXcb7YJnr6Ck4,0.526,0.318,0.852,0.0,0.0974,0.165
318,2SDswD3RdceDWthkgCrCCU,74,37i9dQZF1DXcb7YJnr6Ck4,0.603,0.618,0.0232,0.0,0.118,0.323
319,0LHm4kBHO8rFmjoCVu5MN8,51,37i9dQZF1DXcb7YJnr6Ck4,0.763,0.32,0.863,4.24e-06,0.082,0.678
320,4Ffh52csT3bI7hVoih1vo1,53,37i9dQZF1DXcb7YJnr6Ck4,0.584,0.273,0.853,0.000109,0.102,0.47
321,73FGoCU9GtnqpdKmnIcci2,48,37i9dQZF1DXcb7YJnr6Ck4,0.816,0.409,0.862,0.0,0.15,0.898
322,1vXgFXrWtj0tGRo0pjdiOr,56,37i9dQZF1DXcb7YJnr6Ck4,0.512,0.367,0.268,0.0,0.432,0.493
323,1DdgQ6y5B1rPQgStQ6hprS,39,37i9dQZF1DXcb7YJnr6Ck4,0.445,0.415,0.413,0.0,0.0978,0.389
324,0ycwEudbpzRDhKNGayhqPC,34,37i9dQZF1DXcb7YJnr6Ck4,0.353,0.107,0.88,1.79e-06,0.116,0.152
325,0X61Ud5Uzv44RvY3s1SsuO,55,37i9dQZF1DXcb7YJnr6Ck4,0.493,0.584,0.85,0.000353,0.114,0.234
326,4vA6KXruPlcOQ7Xbwx0jlM,20,37i9dQZF1DXcb7YJnr6Ck4,0.538,0.281,0.273,0.183,0.111,0.284
327,2ynBghJiu4H9qGoXhuFS8x,60,37i9dQZF1DXcb7YJnr6Ck4,0.58,0.662,0.123,0.000131,0.138,0.406
328,0TLCPkmCBAasQwXpfwsS8J,24,37i9dQZF1DXcb7YJnr6Ck4,0.697,0.716,0.00425,0.000186,0.117,0.581
329,5MZYOtR8fcaZoWzweBNdMm,58,37i9dQZF1DXcb7YJnr6Ck4,0.627,0.246,0.788,0.0,0.118,0.52
330,1ir0M7NQAr7r5mLit1xUq3,49,37i9dQZF1DXcb7YJnr6Ck4,0.45,0.211,0.811,0.0,0.106,0.162
331,1iNCjUDVzuWpOEC9ELSdwW,50,37i9dQZF1DXcb7YJnr6Ck4,0.377,0.283,0.594,0.000472,0.167,0.0796
332,3uc8AGNL0KbvISIrjnfRvN,73,37i9dQZF1DXcb7YJnr6Ck4,0.746,0.45,0.0407,0.0,0.172,0.336
333,2hD7ddEXeHnhwthKBWkCix,38,37i9dQZF1DXcb7YJnr6Ck4,0.698,0.48,0.638,0.0,0.114,0.44
334,2R0Z1JwgoCsBeoWErbAHgs,59,37i9dQZF1DXcb7YJnr6Ck4,0.587,0.36,0.586,0.0,0.117,0.408
335,0iGxTqrBqr9F5PM0a39xZU,51,37i9dQZF1DXcb7YJnr6Ck4,0.355,0.452,0.0421,0.00128,0.115,0.0515
336,0HPRhmfS3kCpnERJniNDGo,32,37i9dQZF1DXcb7YJnr6Ck4,0.579,0.348,0.654,0.000308,0.1,0.269
337,3gBieBvsatYFgiG5K129ds,46,37i9dQZF1DXcb7YJnr6Ck4,0.66,0.407,0.641,1.22e-05,0.0622,0.324
338,1uRPgVfBWmBNmrFFrQCzOi,43,37i9dQZF1DXcb7YJnr6Ck4,0.633,0.2,0.969,0.887,0.124,0.495
339,2L5V8TQCEq5n3CLrjGbWE8,57,37i9dQZF1DXcb7YJnr6Ck4,0.672,0.25,0.913,1.65e-05,0.125,0.136
340,3p7lnjj03QtafdUATEUOoO,27,37i9dQZF1DXcb7YJnr6Ck4,0.746,0.577,0.272,0.00348,0.284,0.664
341,1p23AgfXaOjpUSxqPowX8x,44,37i9dQZF1DXcb7YJnr6Ck4,0.577,0.123,0.977,0.924,0.0594,0.366
342,6zfnBMgKbg2KuMTHVVsMdH,23,37i9dQZF1DXcb7YJnr6Ck4,0.449,0.337,0.0271,0.000214,0.207,0.101
343,4ysVx7wS2J8dvk77ON8jVI,45,37i9dQZF1DXcb7YJnr6Ck4,0.614,0.465,0.48,0.914,0.098,0.103
344,0653Mr19pKTqIehqHP9KKh,44,37i9dQZF1DXcb7YJnr6Ck4,0.743,0.177,0.721,0.0,0.138,0.462
345,6cWpGXt8X3WqHYnnDeNiKV,50,37i9dQZF1DXcb7YJnr6Ck4,0.625,0.33,0.895,0.0,0.121,0.548
346,7cDpMO5wuWgvv3j4INRBeB,64,37i9dQZF1DXcb7YJnr6Ck4,0.532,0.455,0.452,0.0,0.237,0.204
347,173YFoJtllaXjALrFxr7LY,37,37i9dQZF1DXcb7YJnr6Ck4,0.467,0.0897,0.962,0.0023,0.111,0.136
348,7mBco8slVmQ7IN2CduexvY,32,37i9dQZF1DX3EvTrESVmN6,0.451,0.41,0.516,0.00842,0.122,0.0872
349,4fZqbuJoXCofsCPNjZPzX8,47,37i9dQZF1DX3EvTrESVmN6,0.339,0.294,0.674,0.0,0.133,0.339
350,5ara7YRzxZ27IwmPWEoNkr,51,37i9dQZF1DX3EvTrESVmN6,0.578,0.537,0.304,4.96e-06,0.189,0.378
351,7laNkNLlUbNslPAi8HB1IS,54,37i9dQZF1DX3EvTrESVmN6,0.424,0.378,0.0721,0.0739,0.17,0.06
352,7B09xj4jnG1763TWkVxazM,53,37i9dQZF1DX3EvTrESVmN6,0.336,0.513,0.112,0.0,0.105,0.55
353,4ArRq8q8ONzc5DMFYLxSEM,40,37i9dQZF1DX3EvTrESVmN6,0.646,0.873,0.724,0.0,0.31,0.732
354,1myKwR6JbIvo1iKY8nOzbc,55,37i9dQZF1DX3EvTrESVmN6,0.416,0.668,0.0154,0.000635,0.248,0.28
355,6XLq0b557873yQsYATC0Hz,53,37i9dQZF1DX3EvTrESVmN6,0.447,0.648,0.252,3.83e-06,0.2,0.569
356,0Yncd2CxjjlWLrIukzsk2M,59,37i9dQZF1DX3EvTrESVmN6,0.587,0.464,0.656,0.000106,0.214,0.668
357,51L755MgFBI5Eu0LlwPXM2,50,37i9dQZF1DX3EvTrESVmN6,0.545,0.879,0.333,1.77e-06,0.11,0.483
358,0anCVqUez0PzhvZw0dzV8h,48,37i9dQZF1DX3EvTrESVmN6,0.679,0.436,0.234,1.34e-05,0.44,0.35
359,4lJpy10HgdXwVmetgwjGkH,53,37i9dQZF1DX3EvTrESVmN6,0.871,0.682,0.701,0.0,0.132,0.938
360,4TvXV9Adc1schud1QDwnZe,49,37i9dQZF1DX3EvTrESVmN6,0.523,0.448,0.694,0.0,0.0624,0.211
361,4OM09Qaq7cRXDtbVs8pMwV,50,37i9dQZF1DX3EvTrESVmN6,0.717,0.704,0.136,0.00211,0.0868,0.723
362,71LtXfhnWA7kR8Ntk1VE8R,58,37i9dQZF1DX3EvTrESVmN6,0.576,0.748,0.0398,0.0,0.369,0.437
363,50HD75fdgIXLE6cgRLEXn5,48,37i9dQZF1DX3EvTrESVmN6,0.69,0.749,0.399,0.00226,0.106,0.972
364,2P6N0okOLlwr2kAIxwXIsv,48,37i9dQZF1DX3EvTrESVmN6,0.5,0.334,0.924,0.0,0.219,0.534
365,37C6DyoMu75ViTiwqxV4bY,51,37i9dQZF1DX3EvTrESVmN6,0.231,0.288,0.727,0.000451,0.157,0.282
366,1MHJZhEo79mKEK349W188E,49,37i9dQZF1DX3EvTrESVmN6,0.498,0.682,0.271,1.08e-06,0.0965,0.366
367,1Ad0FaLs2KfnMsFPCS7Pp0,50,37i9dQZF1DX3EvTrESVmN6,0.488,0.31,0.947,2.24e-05,0.0813,0.129
368,0wb7fId5ZEBjLdkJrylwPD,38,37i9dQZF1DX3EvTrESVmN6,0.799,0.466,0.773,0.0,0.123,0.872
369,4Z0i6Rngne0caiCwRIU6Qd,41,37i9dQZF1DX3EvTrESVmN6,0.736,0.695,0.289,2.96e-06,0.077,0.682
370,1HVMNGm6RhLKbqRl0cQa3A,53,37i9dQZF1DX3EvTrESVmN6,0.559,0.732,0.158,0.0,0.134,0.563
371,5zd9EXZujflINL16eUHgqo,56,37i9dQZF1DX3EvTrESVmN6,0.501,0.508,0.694,0.0,0.108,0.276
372,0i4mLwfyxnSSgF6hwIkU2L,53,37i9dQZF1DX3EvTrESVmN6,0.405,0.411,0.773,0.0,0.0773,0.864
373,4UqKJx2oFJvgLIBrBV82Ou,53,37i9dQZF1DX3EvTrESVmN6,0.482,0.503,0.0728,0.000503,0.0874,0.514
374,5gIFZiFLz4Uc90TqmcTvPd,46,37i9dQZF1DX3EvTrESVmN6,0.228,0.262,0.867,1.06e-05,0.115,0.172
375,4tKiqgP4hiFNSCDeoaNctg,53,37i9dQZF1DX3EvTrESVmN6,0.409,0.183,0.66,0.0,0.0336,0.297
376,0RXag5aDZzFBBgQguKxPKL,46,37i9dQZF1DX3EvTrESVmN6,0.401,0.447,0.806,0.0,0.46,0.436
377,2TRcaf9JMAzMifZ6LcVCmC,49,37i9dQZF1DX3EvTrESVmN6,0.507,0.272,0.677,0.0171,0.127,0.362
378,1RHsmfhU7x3uW7X1FcMpxF,49,37i9dQZF1DX3EvTrESVmN6,0.699,0.622,0.358,0.000249,0.0533,0.331
379,3sc9YIcDSPCXsQ0zzX3JLW,62,37i9dQZF1DX3EvTrESVmN6,0.481,0.391,0.191,9.64e-06,0.201,0.357
380,775TBYxz24h0wNkxDlfzp5,46,37i9dQZF1DX3EvTrESVmN6,0.654,0.644,0.298,1.33e-06,0.301,0.657
381,22NgXItkvlsvoIxUg8om07,47,37i9dQZF1DX3EvTrESVmN6,0.578,0.834,0.232,3.01e-05,0.105,0.634
382,7aoAxvO9VBM5hy8hYCpvkA,52,37i9dQZF1DX3EvTrESVmN6,0.553,0.707,0.0815,2.25e-05,0.112,0.419
383,2f9q7MMH5hRU8kiJH6tlix,50,37i9dQZF1DX3EvTrESVmN6,0.399,0.195,0.636,0.00554,0.0812,0.187
384,39ARgMyOL9vloLrObmD1Py,52,37i9dQZF1DX3EvTrESVmN6,0.612,0.785,0.459,6.99e-06,0.198,0.655
385,2eqKaF9zznD2WWrgAeoq8n,50,37i9dQZF1DX3EvTrESVmN6,0.642,0.327,0.764,0.00255,0.119,0.37
386,2pWzPQ2lhuEE2sb3aPKMHX,57,37i9dQZF1DX3EvTrESVmN6,0.591,0.379,0.069,1.98e-05,0.0923,0.49
387,1mm53EPuBqamMLCr0AoCQS,53,37i9dQZF1DX3EvTrESVmN6,0.552,0.771,0.508,0.00175,0.297,0.138
388,7sqe3wHYxbECTq3EIvmWDo,2,37i9dQZF1DX3EvTrESVmN6,0.626,0.492,0.42,0.00489,0.52,0.274
389,5OQNSMwq3Bl8D4EdYew0qj,48,37i9dQZF1DX3EvTrESVmN6,0.33,0.8,0.00749,0.105,0.438,0.285
390,5nRDOsITlnO6fAEJBd8lef,55,37i9dQZF1DX3EvTrESVmN6,0.568,0.638,0.0773,4.11e-06,0.157,0.233
391,7N1SQcqAkSvUgnlvrU0Et8,51,37i9dQZF1DX3EvTrESVmN6,0.399,0.466,0.246,0.0455,0.0621,0.341
392,0X8fLyP9d583KkGgso4Mqt,52,37i9dQZF1DX3EvTrESVmN6,0.626,0.585,0.282,0.0226,0.309,0.451
393,1N46SW28bpacvXmNYP6PTB,51,37i9dQZF1DX3EvTrESVmN6,0.409,0.652,0.265,0.0,0.524,0.455
394,6JXlccLNpK7F2XFwHuMy23,58,37i9dQZF1DX3EvTrESVmN6,0.457,0.49,0.634,1.9e-06,0.118,0.356
395,0LcyAWgNU4vk3Sn1DNtifk,56,37i9dQZF1DX3EvTrESVmN6,0.545,0.709,0.229,0.0,0.0866,0.418
396,6fB3Wy1x9EdhfFwqy8lJcZ,53,37i9dQZF1DX3EvTrESVmN6,0.554,0.869,0.209,0.0,0.0495,0.718
397,2ZVohWP6HSpLeoXGvcQWgh,45,37i9dQZF1DX3EvTrESVmN6,0.745,0.61,0.485,0.0,0.344,0.897
398,5ZSzAggKFjyIL6OLA2xUUg,53,37i9dQZF1DX3EvTrESVmN6,0.632,0.931,0.228,0.0,0.0608,0.943
399,2fekQJdvz6l92UxVVyeu2m,45,37i9dQZF1DX3EvTrESVmN6,0.376,0.326,0.623,0.00165,0.117,0.605
400,0ty25HNYvYV8KbJxaq1ttS,47,37i9dQZF1DX3EvTrESVmN6,0.515,0.764,0.59,0.0,0.342,0.621
401,2buPtPaKomtwoT8YvxO13f,55,37i9dQZF1DX3EvTrESVmN6,0.559,0.395,0.192,0.0,0.116,0.701
402,1sJjEtWk7ucSfmDOaS6zf2,47,37i9dQZF1DX3EvTrESVmN6,0.581,0.259,0.0331,4.19e-06,0.103,0.785
403,515XcapFOMtOOiGU31UqNp,55,37i9dQZF1DX3EvTrESVmN6,0.5,0.405,0.62,7.81e-06,0.106,0.416
404,4JhVT1nbnp9eyIU70mUqot,48,37i9dQZF1DX3EvTrESVmN6,0.316,0.727,0.431,4.08e-05,0.107,0.481
405,7lhMwmewNFbRl8EuVZ9eFb,56,37i9dQZF1DX3EvTrESVmN6,0.689,0.533,0.577,2.4e-05,0.262,0.367
406,0ZuQqcAPNEYyUxs614BzMr,51,37i9dQZF1DX3EvTrESVmN6,0.645,0.466,0.181,7.61e-05,0.128,0.535
407,3OmkSLoCJEX505kQOZJg1K,54,37i9dQZF1DX3EvTrESVmN6,0.318,0.499,0.754,0.0,0.466,0.269
408,2SvXqxiG2ntfkEWvuABT7u,57,37i9dQZF1DX3EvTrESVmN6,0.429,0.219,0.355,2.69e-06,0.106,0.0778
409,34E4gEdUXC7chzXMVkTyks,44,37i9dQZF1DX3EvTrESVmN6,0.664,0.822,0.162,1.59e-06,0.0986,0.888
410,0P55M408LsT6E8c7fHrPBa,55,37i9dQZF1DX3EvTrESVmN6,0.357,0.238,0.631,0.0,0.366,0.288
411,17u13Lzj9wCvRKGHyLwr54,56,37i9dQZF1DX3EvTrESVmN6,0.528,0.586,0.185,0.000154,0.0575,0.305
412,4fwR5b66ud3xUxPEUSID8q,47,37i9dQZF1DX3EvTrESVmN6,0.37,0.106,0.833,0.0,0.446,0.172
413,3xj0PcQPiTjCMhqioB7sVY,43,37i9dQZF1DX3EvTrESVmN6,0.684,0.202,0.899,0.046,0.125,0.4
414,2w2VPjwO34HBcWGMejcFAA,55,37i9dQZF1DX3EvTrESVmN6,0.459,0.251,0.672,1.26e-06,0.054,0.263
415,751bsmv3KNPrytbCUdzQJN,50,37i9dQZF1DX3EvTrESVmN6,0.669,0.425,0.799,0.0111,0.152,0.7
416,7C8kVsBSMYqmu190O2lbS5,49,37i9dQZF1DX3EvTrESVmN6,0.657,0.414,0.247,2.42e-06,0.0658,0.501
417,7oMi6ydcI76S596jHa6yqF,51,37i9dQZF1DX3EvTrESVmN6,0.551,0.539,0.766,3.72e-05,0.343,0.539
418,5XAGVMePJNaXHcdRN578Xi,56,37i9dQZF1DX3EvTrESVmN6,0.496,0.437,0.491,4.94e-06,0.0998,0.547
419,6C7oJFOk0WX01wH1KMebaY,44,37i9dQZF1DX3EvTrESVmN6,0.398,0.362,0.773,0.0128,0.155,0.509
420,2D6t8TtB1cpgXK1L1fJ5P5,52,37i9dQZF1DX3EvTrESVmN6,0.479,0.663,0.636,0.0,0.131,0.328
421,5cqu5bsn6usnuZjWTbqGg8,37,37i9dQZF1DX3EvTrESVmN6,0.451,0.43,0.52,0.0,0.0916,0.737
422,3xOweuE6t5j8JIkSaqZOmG,47,37i9dQZF1DX3EvTrESVmN6,0.409,0.397,0.524,0.0,0.177,0.48
423,4tRt91OQSbE9eFA3RwgqSd,60,37i9dQZF1DWXfoktQogiu0,0.52,0.48,0.61,0.0344,0.107,0.405
424,0E4Y1XIbs8GrAT1YqVy6dq,85,37i9dQZF1DWXfoktQogiu0,0.641,0.324,0.698,0.0,0.328,0.273
425,6RGkwhDLaHxWWXY0jn1jFv,58,37i9dQZF1DWXfoktQogiu0,0.589,0.467,0.761,0.0,0.0847,0.571
426,6MY1xABxoZATrEr4FeUhEM,58,37i9dQZF1DWXfoktQogiu0,0.34,0.144,0.684,0.00112,0.101,0.147
427,1xflb6sCgJjMqbdtakgONq,42,37i9dQZF1DWXfoktQogiu0,0.43,0.355,0.286,0.172,0.109,0.372
428,7iPPYADodho7dbt7w6PMOa,58,37i9dQZF1DWXfoktQogiu0,0.625,0.292,0.696,1.24e-05,0.121,0.168
429,7gDNQLV9cr8449LFrQbk5J,68,37i9dQZF1DWXfoktQogiu0,0.567,0.434,0.86,0.257,0.115,0.254
430,2cIm2RiDxVlzt6RvEowc1m,45,37i9dQZF1DWXfoktQogiu0,0.628,0.12,0.866,1.6e-05,0.117,0.116
431,3gBieBvsatYFgiG5K129ds,46,37i9dQZF1DWXfoktQogiu0,0.66,0.407,0.641,1.22e-05,0.0622,0.324
432,12niARgkwxGsklcEwh6GlG,62,37i9dQZF1DWXfoktQogiu0,0.606,0.349,0.764,0.306,0.112,0.156
433,1luU6gAdusIVwg5p1owzin,42,37i9dQZF1DWXfoktQogiu0,0.596,0.429,0.775,0.0107,0.0962,0.229
434,52iLDrSoRtf9lcgFuLVfqE,71,37i9dQZF1DWXfoktQogiu0,0.681,0.292,0.743,0.0,0.0974,0.162
435,7B02F2vNeU33Q04DbhlyAd,48,37i9dQZF1DWXfoktQogiu0,0.415,0.254,0.713,4.6e-05,0.111,0.0573
436,3RTmrJZfsMRAroB5xI2c0S,52,37i9dQZF1DWXfoktQogiu0,0.642,0.53,0.658,0.000439,0.103,0.229
437,2R1ACTXu88oxUcplmde6kT,48,37i9dQZF1DWXfoktQogiu0,0.415,0.293,0.732,0.113,0.102,0.199
438,2GiYPEgOA7hb7sqsEWX8df,67,37i9dQZF1DWXfoktQogiu0,0.614,0.101,0.825,0.0217,0.707,0.155
439,3vSZuvvuOzTbxaHuAyZ6pD,53,37i9dQZF1DWXfoktQogiu0,0.451,0.219,0.813,0.00661,0.11,0.348
440,4bsHm0TWnCY7tTp65eQLLR,30,37i9dQZF1DWXfoktQogiu0,0.497,0.126,0.943,0.000271,0.104,0.356
441,4ajhEvz68KJrN1xub1wmHN,44,37i9dQZF1DWXfoktQogiu0,0.591,0.489,0.368,0.138,0.0948,0.226
442,2Au6JsEgl0wG07OthJoyXS,49,37i9dQZF1DWXfoktQogiu0,0.71,0.0573,0.99,0.0222,0.0769,0.542
443,0ut7f4KB9sZQ8uhA4HyOMt,61,37i9dQZF1DWXfoktQogiu0,0.73,0.249,0.886,0.0,0.096,0.332
444,3CAX47TnPqTujLIQTw8nwI,69,37i9dQZF1DWXfoktQogiu0,0.401,0.364,0.45,0.0503,0.162,0.224
445,3G9ETaH55bMQx8hwNhAgbU,65,37i9dQZF1DWXfoktQogiu0,0.625,0.432,0.633,0.00242,0.127,0.361
446,120r2TOz8xq0SlSnyxyzQY,45,37i9dQZF1DWXfoktQogiu0,0.606,0.201,0.866,0.0,0.151,0.209
447,0awuNCj9gwJEM0seER22DW,80,37i9dQZF1DWXfoktQogiu0,0.57,0.689,0.358,0.0,0.0819,0.568
448,1Q5mg2Qs3GhFuxBWwkB95p,46,37i9dQZF1DWXfoktQogiu0,0.689,0.22,0.888,0.0,0.0911,0.322
449,7dP4k5nDDwI1qMDoz5m0f6,59,37i9dQZF1DWXfoktQogiu0,0.634,0.419,0.499,0.00438,0.124,0.562
450,6tnGnAeyc1CnJbVuQEFiGH,38,37i9dQZF1DWXfoktQogiu0,0.554,0.242,0.682,0.000137,0.0901,0.139
451,2iddHfAqBKMJkXerLA9F9I,51,37i9dQZF1DWXfoktQogiu0,0.56,0.653,0.594,0.297,0.0977,0.179
452,086NgW53scj9iXKaZs1Afe,47,37i9dQZF1DWXfoktQogiu0,0.59,0.443,0.618,0.0,0.11,0.342
453,3ZFTYYqPfwWj73jx8ccNzh,32,37i9dQZF1DWXfoktQogiu0,0.433,0.123,0.979,0.000121,0.0994,0.291
454,61Z8rVzYJ1NHgTlI8Q5yIC,32,37i9dQZF1DWXfoktQogiu0,0.36,0.226,0.863,0.0243,0.112,0.157
455,7bPWdJgx8vek7S5i5yAtvG,77,37i9dQZF1DWXfoktQogiu0,0.334,0.276,0.877,0.000249,0.113,0.429
456,3vSLSOhE8HWBC2WiN0j0hD,65,37i9dQZF1DWXfoktQogiu0,0.736,0.308,0.492,0.00248,0.179,0.439
457,0HPRhmfS3kCpnERJniNDGo,32,37i9dQZF1DWXfoktQogiu0,0.579,0.348,0.654,0.000308,0.1,0.269
458,3YllcvA3PW1DUwjckCVjIw,64,37i9dQZF1DWXfoktQogiu0,0.659,0.236,0.84,6.32e-05,0.206,0.216
459,4V8t6sMF5T86i0JuQFLGwn,34,37i9dQZF1DWXfoktQogiu0,0.518,0.248,0.856,0.0129,0.113,0.156
460,02NNnPiE315cQlaZf6VXNZ,33,37i9dQZF1DWXfoktQogiu0,0.497,0.399,0.683,0.000719,0.11,0.0917
461,4R2kfaDFhslZEMJqAFNpdd,81,37i9dQZF1DWXfoktQogiu0,0.613,0.581,0.537,0.000345,0.25,0.551
462,2hmdjj0Gk0r9JngXT5sjc2,20,37i9dQZF1DWXfoktQogiu0,0.527,0.123,0.856,0.0,0.102,0.201
463,3Gx4fRYFwGmnPRtCYvGFNf,53,37i9dQZF1DWXfoktQogiu0,0.404,0.21,0.951,0.0,0.0948,0.294
464,48HT7Zzd3We4ZjG82lsbdK,63,37i9dQZF1DWXfoktQogiu0,0.41,0.141,0.931,0.0898,0.118,0.239
465,3k8zbVagmok6LEmfmXaRg8,17,37i9dQZF1DWXfoktQogiu0,0.738,0.354,0.888,0.0,0.396,0.397
466,59JtQ8mThUAnRGValaExhc,57,37i9dQZF1DWXfoktQogiu0,0.555,0.423,0.799,0.0,0.112,0.257
467,2xDMmUwEWZXak2gXtcLA27,56,37i9dQZF1DWXfoktQogiu0,0.45,0.2,0.786,0.0,0.103,0.367
468,5AeoHJUx0PJXAzN425xryh,56,37i9dQZF1DWXfoktQogiu0,0.39,0.11,0.762,0.591,0.0823,0.179
469,53iFMaNUXn6Oj8hUIKSO5a,54,37i9dQZF1DWXfoktQogiu0,0.643,0.436,0.724,0.459,0.11,0.422
470,7BVwi9cIzSc6tpyxsp47vJ,65,37i9dQZF1DWXfoktQogiu0,0.595,0.723,0.047,0.0286,0.0995,0.272
471,3MJov5mT64K42o1Rffhblq,63,37i9dQZF1DWXfoktQogiu0,0.559,0.466,0.315,0.0039,0.0933,0.623
472,1JzJFYOlNFISoz28z5t20x,53,37i9dQZF1DWXfoktQogiu0,0.525,0.353,0.596,0.0,0.0964,0.241
473,2GNj9KRwpxBWgEiPQc3jEj,63,37i9dQZF1DWXfoktQogiu0,0.543,0.316,0.95,0.672,0.0978,0.178
474,3hhbDnFUb2bicI2df6VurK,74,37i9dQZF1DWXfoktQogiu0,0.635,0.184,0.665,0.0,0.146,0.177
475,2pV8RpdLemcyMWko8dASVt,69,37i9dQZF1DWXfoktQogiu0,0.398,0.174,0.958,4.16e-06,0.158,0.153
476,5GbVzc6Ex5LYlLJqzRQhuy,72,37i9dQZF1DWXfoktQogiu0,0.365,0.273,0.94,0.431,0.109,0.238
477,4xqrdfXkTW4T0RauPLv3WA,88,37i9dQZF1DWXfoktQogiu0,0.357,0.425,0.584,0.0,0.322,0.27
478,2Z7UF5qoyCU6Ksnf6aTMOs,50,37i9dQZF1DWXfoktQogiu0,0.402,0.216,0.919,0.0,0.318,0.278
479,4pvb0WLRcMtbPGmtejJJ6y,79,37i9dQZF1DWXfoktQogiu0,0.298,0.38,0.778,5.62e-05,0.11,0.152
480,21aQ9GdgEXK6qeovX0YaKb,60,37i9dQZF1DWXfoktQogiu0,0.596,0.576,0.376,0.0904,0.107,0.485
481,3tchJ8gDgMdaSxpaLxlr1F,61,37i9dQZF1DWXfoktQogiu0,0.519,0.163,0.926,0.751,0.115,0.356
482,0rbKrBvZUYY9GN9l057BuY,74,37i9dQZF1DWXfoktQogiu0,0.732,0.221,0.897,2.62e-05,0.11,0.677
483,0iOuOHywtfaQEcWKeyuH3m,56,37i9dQZF1DWXfoktQogiu0,0.313,0.0516,0.986,0.00652,0.0938,0.0846
484,0u4rkpmNtgcFxYHepnVF4v,67,37i9dQZF1DWXfoktQogiu0,0.334,0.397,0.558,0.0774,0.126,0.035
485,1l24F8qMMpC90q1rTIcXUB,19,37i9dQZF1DWXfoktQogiu0,0.412,0.14,0.953,0.0,0.139,0.183
486,5dW8gOPZsZRQOzjdmcOREc,39,37i9dQZF1DWXfoktQogiu0,0.439,0.0822,0.954,0.0214,0.109,0.11
487,6BzQnbYMiASXdwTerVH3zy,55,37i9dQZF1DWXfoktQogiu0,0.531,0.192,0.864,0.00133,0.126,0.384
488,4Or1Yp4i3VANJE6E39ys91,44,37i9dQZF1DWXfoktQogiu0,0.466,0.189,0.896,0.013,0.0899,0.0727
489,3W3RQneS2yhA7E5l1dJW18,61,37i9dQZF1DWXfoktQogiu0,0.553,0.711,0.063,8.41e-06,0.0759,0.299
490,3nKCmdfFSB49NPGRsfD4wh,57,37i9dQZF1DWXfoktQogiu0,0.542,0.155,0.988,0.0155,0.108,0.247
491,6DESft0qm6RhoYf5wzeoGH,65,37i9dQZF1DWXfoktQogiu0,0.38,0.306,0.942,0.323,0.123,0.157
492,6qfUUWfeycMjSFwRXqo4nn,41,37i9dQZF1DWXfoktQogiu0,0.71,0.471,0.819,0.127,0.102,0.342
493,68wibJU4yMiqNX79IaLAsN,61,37i9dQZF1DWXfoktQogiu0,0.564,0.207,0.892,1.8e-06,0.102,0.0898
494,2xmmEguHlrY8c7dEdMqd4I,46,37i9dQZF1DWXfoktQogiu0,0.691,0.358,0.678,0.000442,0.193,0.344
495,49o2UgS6joWdQpNPeFb8d9,20,37i9dQZF1DWXfoktQogiu0,0.484,0.394,0.62,4.79e-06,0.117,0.154
496,3SsMuOowzmvT7nhepxLPzl,48,37i9dQZF1DWXfoktQogiu0,0.563,0.31,0.852,2.58e-05,0.102,0.369
497,7gIbckZg2u07UCx5GH1cyX,52,37i9dQZF1DWXfoktQogiu0,0.655,0.264,0.855,0.0,0.124,0.379
498,14qLa09blyCJdkRJRQ8lpV,55,37i9dQZF1DWXfoktQogiu0,0.642,0.459,0.611,0.000156,0.113,0.128
499,297lodzUenH6moOcg8XXTE,51,37i9dQZF1DWXfoktQogiu0,0.64,0.509,0.787,0.215,0.527,0.655
500,6e7Eudq88wcygOphhtQnrN,51,37i9dQZF1DWXfoktQogiu0,0.552,0.151,0.961,0.00026,0.0979,0.33
501,7qx03NsIL42jM03zFphnRO,62,37i9dQZF1DWXfoktQogiu0,0.501,0.211,0.937,0.000574,0.102,0.131
502,6bVIzKJOhSTD2Pw1cbLhBr,52,37i9dQZF1DWXfoktQogiu0,0.314,0.309,0.855,4.71e-06,0.123,0.215
503,5ZUObJNpVt2l9GogUSfALc,64,37i9dQZF1DWXfoktQogiu0,0.396,0.198,0.912,0.0,0.0972,0.19
504,4Ocm5X4MdGoF9cvIGgOe39,42,37i9dQZF1DWXfoktQogiu0,0.387,0.199,0.924,0.0,0.109,0.273
505,3O5osWf1rSoKMwe6E9ZaXP,69,37i9dQZF1DWXfoktQogiu0,0.39,0.27,0.937,0.00227,0.111,0.32
506,6Wkc6feqZPzPCdJVuJO7UE,37,37i9dQZF1DWXfoktQogiu0,0.338,0.213,0.513,0.00413,0.101,0.11
507,7G9c2RCLBmhkJd5FUVoCju,35,37i9dQZF1DWXfoktQogiu0,0.116,0.084,0.976,0.48,0.11,0.0336
508,1nnEOnBgHPVpAAZIkFknzv,54,37i9dQZF1DWXfoktQogiu0,0.663,0.178,0.676,0.0,0.279,0.541
509,6ZyZGbujKBzxfzcjVOvGW5,59,37i9dQZF1DWXfoktQogiu0,0.648,0.704,0.833,0.000252,0.362,0.438
510,5vk20vCA4C23pXxFhtbBTx,56,37i9dQZF1DWXfoktQogiu0,0.601,0.372,0.835,0.0,0.129,0.444
511,2nBrIzKacrNdIxs90FlsT1,56,37i9dQZF1DWXfoktQogiu0,0.494,0.214,0.92,1.07e-05,0.107,0.35
512,0W6vig3DpP1D3R4w72hdWp,69,37i9dQZF1DWXfoktQogiu0,0.642,0.214,0.909,0.0,0.122,0.38
513,6Rt6KwuF7I8ZkdZG2G0bYr,63,37i9dQZF1DWXfoktQogiu0,0.519,0.145,0.987,0.0643,0.108,0.487
514,5p0WgCCVI5LnWaUEXv1OBl,57,37i9dQZF1DWXfoktQogiu0,0.462,0.417,0.86,0.00347,0.106,0.348
515,6KVfTNTUKV0iiMZhPp9izj,49,37i9dQZF1DWXfoktQogiu0,0.675,0.149,0.893,1.77e-05,0.109,0.22
516,1xYMyM7MxFi4OuzDA2op9Q,58,37i9dQZF1DWXfoktQogiu0,0.55,0.334,0.517,0.000169,0.101,0.143
517,2DPR5R6cFXS9gwo9u5cbZ1,47,37i9dQZF1DWXfoktQogiu0,0.515,0.238,0.849,0.0,0.108,0.19
518,0f2wkDmAlLAo90gE5d1yPU,62,37i9dQZF1DWXU2naFUn37x,0.729,0.68,0.398,2.54e-05,0.34,0.72
519,1JAkXiY10vwLhSbcsiimrp,69,37i9dQZF1DWXU2naFUn37x,0.883,0.716,0.435,0.0,0.0801,0.761
520,22YVrbSGjgfu4wg3zfhll7,62,37i9dQZF1DWXU2naFUn37x,0.844,0.864,0.291,2.5e-06,0.104,0.609
521,57GZGMVY9ivqEqKIDPA1HK,70,37i9dQZF1DWXU2naFUn37x,0.678,0.683,0.443,0.0,0.14,0.592
522,6NrOoKDgQb1EcZZuCSBMEw,67,37i9dQZF1DWXU2naFUn37x,0.886,0.589,0.12,0.0,0.123,0.721
523,2RrldylvtjefqddhIONP7x,61,37i9dQZF1DWXU2naFUn37x,0.929,0.413,0.00519,0.0,0.339,0.814
524,7bsBuM2ipkM4umttZlod2K,70,37i9dQZF1DWXU2naFUn37x,0.752,0.865,0.349,0.000286,0.103,0.776
525,00smzdpN2KUfB5Jod6glG4,62,37i9dQZF1DWXU2naFUn37x,0.709,0.608,0.0238,0.0,0.121,0.396
526,4oPh7HAoMR1bLBbxwqKmgn,60,37i9dQZF1DWXU2naFUn37x,0.7,0.747,0.295,9.09e-06,0.0919,0.885
527,63ZHGDgE804BwJfCZkX1Vy,62,37i9dQZF1DWXU2naFUn37x,0.725,0.65,0.0463,0.222,0.121,0.267
528,0ULupipMkHslMsRy01M5AS,58,37i9dQZF1DWXU2naFUn37x,0.913,0.534,0.312,0.0,0.104,0.83
529,0UZoRj2sEtpMpPAdizF0N0,62,37i9dQZF1DWXU2naFUn37x,0.795,0.678,0.324,0.000434,0.116,0.682
530,6t5avACouegDhYdGljoKt1,63,37i9dQZF1DWXU2naFUn37x,0.858,0.776,0.000244,0.0,0.112,0.173
531,5LWZA5aRYBdO7FqcrKjfVs,65,37i9dQZF1DWXU2naFUn37x,0.789,0.618,0.358,0.0,0.361,0.774
532,3eL9iS3fHIQuQc3qUl4TYx,62,37i9dQZF1DWXU2naFUn37x,0.744,0.941,0.0971,0.0,0.177,0.255
533,3YXOKfDchF2QRNXXJpgmCx,63,37i9dQZF1DWXU2naFUn37x,0.697,0.771,0.0262,3.13e-06,0.0612,0.581
534,57fle7Lnf7lOXNf76r2x6C,67,37i9dQZF1DWXU2naFUn37x,0.726,0.784,0.319,0.0,0.0771,0.718
535,6sCcJIxOPP7GIKFGzDnYDu,66,37i9dQZF1DWXU2naFUn37x,0.679,0.598,0.275,8.93e-05,0.215,0.506
536,7cqwFzEvFtAEK8wvjMcYeE,59,37i9dQZF1DWXU2naFUn37x,0.911,0.499,0.224,0.00162,0.0895,0.555
537,2KYLg9El0wzvX4S13CDoZf,68,37i9dQZF1DWXU2naFUn37x,0.609,0.711,0.169,0.0,0.267,0.439
538,4DTyaDA9ZwWUUqGUh1JOlj,61,37i9dQZF1DWXU2naFUn37x,0.834,0.5,0.473,0.0,0.135,0.234
539,1uT2GRUBqNUIbkpvkllBx4,64,37i9dQZF1DWXU2naFUn37x,0.578,0.623,0.609,0.0,0.12,0.276
540,493DHR6AgQmj3QespmHlon,57,37i9dQZF1DWXU2naFUn37x,0.748,0.598,0.0621,0.0,0.146,0.349
541,5uzsoxwEGHQe1xcUTrn55e,58,37i9dQZF1DWXU2naFUn37x,0.838,0.881,0.43,0.0,0.115,0.815
542,6kFycosFfeKjx2hTKAWQqy,62,37i9dQZF1DWXU2naFUn37x,0.814,0.568,0.0219,0.0,0.297,0.565
543,2oLxrYZk70rAgUxmulmByv,58,37i9dQZF1DWXU2naFUn37x,0.808,0.713,0.215,0.0,0.163,0.327
544,662H6ub4cy5rHxMrPVHKDj,53,37i9dQZF1DWXU2naFUn37x,0.638,0.705,0.387,0.0,0.0821,0.421
545,1g2CMj45LJZWxGQYoBye0X,61,37i9dQZF1DWXU2naFUn37x,0.765,0.82,0.0219,0.0,0.117,0.137
546,2CyQ1VIOo0TVpzJXtca6Jc,47,37i9dQZF1DWXU2naFUn37x,0.667,0.735,0.263,7.81e-05,0.197,0.5
547,0vIRBxBzL7ejCluhb6ec2Z,62,37i9dQZF1DWXU2naFUn37x,0.709,0.649,0.238,0.0,0.201,0.438
548,1YvhcTM8aIRTg03AavA2HJ,69,37i9dQZF1DWXU2naFUn37x,0.778,0.488,0.0719,0.0,0.0935,0.457
549,3TzSpxjKOnmVrtNOhtK8mx,68,37i9dQZF1DWXU2naFUn37x,0.76,0.701,0.0949,0.0,0.0957,0.281
550,3CS7Wr2Hzqoh2f2iHXxiIa,63,37i9dQZF1DWXU2naFUn37x,0.813,0.67,0.2,0.0,0.376,0.38
551,4kCFIyztq00qD0ChK7Uamc,60,37i9dQZF1DWXU2naFUn37x,0.465,0.721,0.133,0.0,0.0696,0.415
552,7KnC2wSD0I5Fju3A7qCFX8,66,37i9dQZF1DWXU2naFUn37x,0.725,0.781,0.0153,9.66e-06,0.0686,0.397
553,7Mbie11zxU9Ls3XNR2QnAa,57,37i9dQZF1DWXU2naFUn37x,0.79,0.631,0.00248,0.0,0.334,0.515
554,4B7NwN9dtZbm5TMRfvwQxv,54,37i9dQZF1DWXU2naFUn37x,0.56,0.63,0.215,0.0,0.119,0.49
555,0cAMaGkAAqmLAK2kwBCnsL,57,37i9dQZF1DWXU2naFUn37x,0.66,0.809,0.113,0.0,0.0735,0.589
556,68XxRUKERaSVkMLjtl4o94,57,37i9dQZF1DWXU2naFUn37x,0.775,0.67,0.349,0.0,0.298,0.373
557,1G9qaYXBxXa8OM5iiD9CaH,54,37i9dQZF1DWXU2naFUn37x,0.719,0.718,0.651,1.23e-05,0.0883,0.439
558,2h5sw4lb7R8xOIgBn6ViH1,54,37i9dQZF1DWXU2naFUn37x,0.845,0.782,0.0231,0.0,0.104,0.664
559,73qOtBhbJcHP2ByklQIUVZ,55,37i9dQZF1DWXU2naFUn37x,0.75,0.509,0.384,0.0,0.136,0.658
560,13Iu4OXlnP5vUQ0rgXR6e3,61,37i9dQZF1DWXU2naFUn37x,0.724,0.446,0.1,0.0,0.122,0.33
561,7wnKS5lo0w9V04E6yXzhxV,60,37i9dQZF1DWXU2naFUn37x,0.524,0.778,0.0142,0.0,0.189,0.362
562,6ozHzD3rSQdSvFlJ8i6DES,49,37i9dQZF1DWXU2naFUn37x,0.863,0.925,0.194,0.0,0.105,0.682
563,1jga15eYrlNMUMqcJ2GLiK,58,37i9dQZF1DWXU2naFUn37x,0.864,0.618,0.141,0.0,0.182,0.305
564,5ifarM7jfplX1EqkqMHlDq,63,37i9dQZF1DWXU2naFUn37x,0.804,0.605,0.248,0.0,0.109,0.665
565,4mcbtdZ2iBm6N6PRXHSizw,55,37i9dQZF1DWXU2naFUn37x,0.737,0.605,0.0994,0.0,0.116,0.446
566,6LumWvUJ6FdNEr6XuBW9nZ,54,37i9dQZF1DWXU2naFUn37x,0.663,0.636,0.0246,0.000183,0.111,0.311
567,3NnGhmhhZ9eeqGrTScnO80,56,37i9dQZF1DWXU2naFUn37x,0.778,0.68,0.0052,0.0,0.118,0.406
568,1dzQoRqT5ucxXVaAhTcT0J,76,37i9dQZF1DX4o1oenSJRJd,0.822,0.739,0.0264,4.26e-05,0.181,0.745
569,6ECp64rv50XVz93WvxXMGF,79,37i9dQZF1DX4o1oenSJRJd,0.712,0.862,0.0525,0.0,0.093,0.809
570,0vg4WnUWvze6pBOJDTq99k,77,37i9dQZF1DX4o1oenSJRJd,0.675,0.479,0.633,1.76e-05,0.088,0.454
571,619bJQ9uDi8dnXzLebFI7y,68,37i9dQZF1DX4o1oenSJRJd,0.658,0.863,0.0144,0.000193,0.2,0.496
572,3ZFTkvIE7kyPt6Nu3PEa7V,83,37i9dQZF1DX4o1oenSJRJd,0.778,0.824,0.284,0.0,0.405,0.756
573,5rb9QrpfcKFHM1EUbSIurX,82,37i9dQZF1DX4o1oenSJRJd,0.894,0.791,0.0183,0.0,0.0388,0.583
574,4TsmezEQVSZNNPv5RJ65Ov,80,37i9dQZF1DX4o1oenSJRJd,0.779,0.64,0.000155,0.00077,0.101,0.498
575,3N4DI1vuTSX1tz7fa2NQZw,74,37i9dQZF1DX4o1oenSJRJd,0.407,0.558,0.0541,1.51e-06,0.34,0.777
576,4JehYebiI9JE8sR8MisGVb,77,37i9dQZF1DX4o1oenSJRJd,0.508,0.72,0.272,0.0,0.0563,0.472
577,4kLLWz7srcuLKA7Et40PQR,81,37i9dQZF1DX4o1oenSJRJd,0.743,0.766,0.0873,0.0,0.509,0.61
578,1IAzD1muglOxOcPbUHs70R,75,37i9dQZF1DX4o1oenSJRJd,0.68,0.687,0.0161,0.0,0.261,0.467
579,2lnzGkdtDj5mtlcOW2yRtG,75,37i9dQZF1DX4o1oenSJRJd,0.793,0.832,0.236,1.12e-05,0.202,0.872
580,127uq83uGFapbddqiMUKky,77,37i9dQZF1DX4o1oenSJRJd,0.813,0.627,0.0771,0.000616,0.131,0.801
581,3DamFFqW32WihKkTVlwTYQ,79,37i9dQZF1DX4o1oenSJRJd,0.512,0.662,0.0275,0.0,0.118,0.472
582,60jzFy6Nn4M0iD1d94oteF,75,37i9dQZF1DX4o1oenSJRJd,0.563,0.75,0.113,0.0,0.0788,0.812
583,6brl7bwOHmGFkNw3MBqssT,76,37i9dQZF1DX4o1oenSJRJd,0.452,0.574,0.246,0.0,0.189,0.58
584,0koYRm9MYr86fdKyaBuSiG,51,37i9dQZF1DX4o1oenSJRJd,0.821,0.715,0.0731,0.0,0.071,0.57
585,1oagRT7LfpVlNJN6FSZDGp,68,37i9dQZF1DX4o1oenSJRJd,0.435,0.887,0.000747,0.0,0.0327,0.408
586,20I8RduZC2PWMWTDCZuuAN,78,37i9dQZF1DX4o1oenSJRJd,0.277,0.663,0.000409,0.00051,0.136,0.527
587,2T3jgoAMbBXiMMD8pSc6QL,72,37i9dQZF1DX4o1oenSJRJd,0.628,0.882,0.259,0.0,0.065,0.853
588,3pD0f7hSJg2XdQ6udw5Tey,71,37i9dQZF1DX4o1oenSJRJd,0.687,0.723,0.122,0.00102,0.573,0.432
589,7BHPGtpuuWWsvE7cCaMuEU,74,37i9dQZF1DX4o1oenSJRJd,0.391,0.808,0.0759,0.0,0.149,0.737
590,64yrDBpcdwEdNY9loyEGbX,75,37i9dQZF1DX4o1oenSJRJd,0.268,0.742,0.0518,0.0,0.626,0.416
591,1SKPmfSYaPsETbRHaiA18G,77,37i9dQZF1DX4o1oenSJRJd,0.448,0.665,0.06,2.55e-05,0.0828,0.304
592,3F9ByoUqu31xU0I3G5xfVg,72,37i9dQZF1DX4o1oenSJRJd,0.798,0.629,0.00474,2.17e-05,0.324,0.4
593,3XVBdLihbNbxUwZosxcGuJ,79,37i9dQZF1DX4o1oenSJRJd,0.609,0.444,0.603,6.86e-06,0.104,0.166
594,4TJduXYW1Pg96EDNnfiwxJ,65,37i9dQZF1DX4o1oenSJRJd,0.715,0.733,0.134,0.0,0.157,0.897
595,3uqinR4FCjLv28bkrTdNX5,64,37i9dQZF1DX4o1oenSJRJd,0.674,0.695,0.0387,0.00202,0.194,0.773
596,4N6R6yqkFUTyF3AYOdR0T7,54,37i9dQZF1DX4o1oenSJRJd,0.792,0.697,0.0946,0.0899,0.131,0.22
597,0VwNdo84DaVYLIkbVO86ND,77,37i9dQZF1DX4o1oenSJRJd,0.628,0.676,0.00957,2.65e-05,0.121,0.75
598,5sra5UY6sD658OabHL3QtI,73,37i9dQZF1DX4o1oenSJRJd,0.484,0.368,0.74,3.82e-05,0.118,0.142
599,0CAfXk7DXMnon4gLudAp7J,80,37i9dQZF1DX4o1oenSJRJd,0.918,0.609,0.0928,0.0,0.139,0.304
600,2fAIfPLrPUTW1AmJRR428Q,67,37i9dQZF1DX4o1oenSJRJd,0.451,0.939,0.00673,4.85e-06,0.0774,0.448
601,6xM8oBy40nK1rOd8WmoOPx,67,37i9dQZF1DX4o1oenSJRJd,0.605,0.704,0.241,0.0,0.137,0.4
602,7J41dYQolQJEtj3UmKLu5r,70,37i9dQZF1DX4o1oenSJRJd,0.816,0.5,0.0227,1.53e-06,0.0733,0.649
603,5IVuqXILoxVWvWEPm82Jxr,77,37i9dQZF1DX4o1oenSJRJd,0.646,0.77,0.00249,0.0,0.0715,0.681
604,0ByMNEPAPpOR5H69DVrTNy,78,37i9dQZF1DX4o1oenSJRJd,0.835,0.669,0.0336,6.92e-05,0.0535,0.542
605,1AWQoqb9bSvzTjaLralEkT,76,37i9dQZF1DX4o1oenSJRJd,0.892,0.714,0.201,0.000234,0.0521,0.817
606,7LR85XLWw2yXqKBSI5brbG,73,37i9dQZF1DX4o1oenSJRJd,0.632,0.924,0.281,0.0,0.263,0.441
607,6DvgsZ0NiEPV9qYM931T1F,61,37i9dQZF1DX4o1oenSJRJd,0.825,0.832,0.00587,0.000789,0.114,0.713
608,2PpruBYCo4H7WOBJ7Q2EwM,80,37i9dQZF1DX4o1oenSJRJd,0.727,0.974,0.103,0.000532,0.174,0.965
609,5r5cp9IpziiIsR6b93vcnQ,78,37i9dQZF1DX4o1oenSJRJd,0.871,0.701,0.257,7.52e-06,0.0589,0.716
610,4KoecuyOpZaNFZ0UqVsllc,72,37i9dQZF1DX4o1oenSJRJd,0.817,0.585,0.439,0.0,0.147,0.916
611,6NncjnSD7JLEetWb9KqMRY,71,37i9dQZF1DX4o1oenSJRJd,0.865,0.45,0.0359,1.28e-06,0.308,0.352
612,0k2GOhqsrxDTAbFFSdNJjT,78,37i9dQZF1DX4o1oenSJRJd,0.951,0.6,0.106,0.0,0.0712,0.822
613,4Tn2llBm1g0UlWctmgPL8Z,68,37i9dQZF1DX4o1oenSJRJd,0.735,0.826,0.00101,0.129,0.197,0.74
614,1m2xMsxbtxv21Brome189p,65,37i9dQZF1DX4o1oenSJRJd,0.725,0.487,0.26,1.09e-05,0.431,0.599
615,1RKUoGiLEbcXN4GY4spQDx,75,37i9dQZF1DX4o1oenSJRJd,0.663,0.694,0.0249,0.0,0.0698,0.524
616,2cMTIlktg3M9mXYqCPqw1J,68,37i9dQZF1DX4o1oenSJRJd,0.881,0.774,0.00986,0.0346,0.206,0.759
617,0KQx6HOpJueiSkztcS0r7D,66,37i9dQZF1DX4o1oenSJRJd,0.652,0.609,0.263,0.00101,0.233,0.482
618,04KTF78FFg8sOHC1BADqbY,74,37i9dQZF1DX4o1oenSJRJd,0.956,0.745,0.206,0.0,0.0615,0.912
619,1u0l8zWpQeMYStFkc2mLD7,68,37i9dQZF1DX4o1oenSJRJd,0.523,0.828,0.0136,0.000255,0.165,0.476
620,4hrae8atte6cRlSC9a7VCO,73,37i9dQZF1DX4o1oenSJRJd,0.839,0.706,0.208,0.0,0.242,0.839
621,2iXdwVdzA0KrI2Q0iZNJbX,75,37i9dQZF1DX4o1oenSJRJd,0.871,0.346,0.298,9.24e-06,0.108,0.659
622,3rMsX63C0IZVnOT5LGYoTH,65,37i9dQZF1DX4o1oenSJRJd,0.48,0.486,0.046,0.0,0.107,0.265
623,5FZxsHWIvUsmSK1IAvm2pp,75,37i9dQZF1DX4o1oenSJRJd,0.366,0.94,0.000769,9.42e-05,0.188,0.369
624,7IhsLJMqdxoo7YAZjaSMru,69,37i9dQZF1DX4o1oenSJRJd,0.713,0.746,0.0402,0.0,0.601,0.47
625,6ZLGthToczpvnL5Eoy6yrY,63,37i9dQZF1DX4o1oenSJRJd,0.631,0.664,0.0498,0.00042,0.0696,0.407
626,14iN3o8ptQ8cFVZTEmyQRV,74,37i9dQZF1DX4o1oenSJRJd,0.699,0.76,0.00223,0.0,0.132,0.696
627,0BBOLOV5JntPL3341swIre,67,37i9dQZF1DX4o1oenSJRJd,0.677,0.682,0.0405,0.0,0.0351,0.875
628,2hns6Dv29Yrg68AVTJiAyA,70,37i9dQZF1DX4o1oenSJRJd,0.688,0.734,0.00462,0.0,0.0756,0.46
629,3yfqSUWxFvZELEM4PmlwIR,84,37i9dQZF1DX4o1oenSJRJd,0.949,0.661,0.0302,0.0,0.0454,0.76
630,7iL6o9tox1zgHpKUfh9vuC,78,37i9dQZF1DX4o1oenSJRJd,0.899,0.713,0.255,0.0,0.0708,0.777
631,1QV6tiMFM6fSOKOGLMHYYg,77,37i9dQZF1DX4o1oenSJRJd,0.851,0.806,0.118,1.64e-06,0.121,0.787
632,5MF62bkZ7Uy3UxteONmUBV,56,37i9dQZF1DX4o1oenSJRJd,0.7,0.72,0.285,0.0,0.0845,0.654
633,6jBUP2KCe821yqf1hiBqPR,71,37i9dQZF1DX4o1oenSJRJd,0.57,0.717,0.00967,0.0,0.0833,0.321
634,4oY2T9ur7Ll5b2kpBlcWcb,63,37i9dQZF1DX4o1oenSJRJd,0.819,0.774,0.0297,0.000626,0.0896,0.947
635,5WuVWOngcRkMOx9RRLCvui,65,37i9dQZF1DX4o1oenSJRJd,0.776,0.693,0.0234,0.00177,0.0322,0.635
636,6bS7DqTuzrpkluB7boWmw2,66,37i9dQZF1DX4o1oenSJRJd,0.447,0.568,0.295,3.26e-06,0.355,0.149
637,7dyluIqv7QYVTXXZiMWPHW,70,37i9dQZF1DX4o1oenSJRJd,0.685,0.803,0.0601,0.0,0.546,0.799
638,02jcEwywffn3Tsb48fXmlW,69,37i9dQZF1DX4o1oenSJRJd,0.802,0.904,0.00108,0.0,0.173,0.961
639,6MLsahMK3VvH9NUwXOktdS,65,37i9dQZF1DX4o1oenSJRJd,0.708,0.587,0.273,0.0,0.0718,0.554
640,2aI21FnmY7TJVKeMaoQZ0t,75,37i9dQZF1DX4o1oenSJRJd,0.872,0.872,0.0476,0.00112,0.0543,0.809
641,7wMq5n8mYSKlQIGECKUgTX,79,37i9dQZF1DX4o1oenSJRJd,0.421,0.873,0.0654,0.0,0.123,0.629
642,49FYlytm3dAAraYgpoJZux,82,37i9dQZF1DX4o1oenSJRJd,0.583,0.829,0.00864,0.0,0.0426,0.575
643,0ijhkvBpA7OBlY4clWSUZw,60,37i9dQZF1DX4o1oenSJRJd,0.648,0.671,0.0348,0.0,0.376,0.533
644,03yc0G2OoH1Eeyu7Piy8fK,61,37i9dQZF1DX4o1oenSJRJd,0.689,0.432,0.564,0.0,0.0928,0.747
645,5lRzWDEe7UuedU2QPsFg0K,71,37i9dQZF1DX4o1oenSJRJd,0.319,0.757,0.016,0.0,0.102,0.101
646,2yiZyjMEByt9sJBZWnWaDR,55,37i9dQZF1DX4o1oenSJRJd,0.571,0.87,0.0198,6.6e-06,0.0564,0.813
647,2ZmCYW6bxYtvkthFexIFXL,56,37i9dQZF1DX4o1oenSJRJd,0.747,0.719,0.0995,0.0,0.054,0.969
648,7t00jJDygiHzPabOYS6AGb,50,37i9dQZF1DX4o1oenSJRJd,0.702,0.875,0.014,0.0,0.0872,0.905
649,7dltD9eEX7X1zk8JJ9BS0e,65,37i9dQZF1DX4o1oenSJRJd,0.572,0.822,0.207,0.0,0.359,0.472
650,70ludZZEUJy1aFVkPI0Kpi,69,37i9dQZF1DX4o1oenSJRJd,0.892,0.628,0.169,0.0,0.102,0.676
651,6rUp7v3l8yC4TKxAAR5Bmx,73,37i9dQZF1DX4o1oenSJRJd,0.498,0.83,0.00461,0.0,0.139,0.453
652,1258tSoXDDa43uqT75r5N0,60,37i9dQZF1DX4o1oenSJRJd,0.583,0.58,0.243,0.0,0.198,0.119
653,4wCD0qOFNRu1Q6O3N6ycm4,69,37i9dQZF1DX4o1oenSJRJd,0.57,0.664,0.00836,1.2e-05,0.0719,0.487
654,2V4bv1fNWfTcyRJKmej6Sj,76,37i9dQZF1DX4o1oenSJRJd,0.768,0.82,0.179,0.0,0.689,0.625
655,2bLqfJjuC5syrsgDsZfGmn,77,37i9dQZF1DX4o1oenSJRJd,0.731,0.807,0.181,0.751,0.319,0.765
656,0JiY190vktuhSGN6aqJdrt,77,37i9dQZF1DX4o1oenSJRJd,0.534,0.87,0.000329,0.0,0.241,0.462
657,3E7ZwUMJFqpsDOJzEkBrQ7,74,37i9dQZF1DX4o1oenSJRJd,0.766,0.563,0.0263,0.683,0.115,0.964
658,4DX82Vc8qAH4jJPvKxvwg6,68,37i9dQZF1DX4o1oenSJRJd,0.747,0.904,0.046,0.106,0.203,0.846
659,1hEh8Hc9lBAFWUghHBsCel,69,37i9dQZF1DX4o1oenSJRJd,0.515,0.613,0.00147,0.202,0.449,0.357
660,3U5JVgI2x4rDyHGObzJfNf,78,37i9dQZF1DX4o1oenSJRJd,0.706,0.8,0.00584,0.0,0.0822,0.629
661,15f8Cv8RXUlOOCIf2oaceN,66,37i9dQZF1DX4o1oenSJRJd,0.616,0.597,0.686,0.0,0.104,0.362
662,6St9lR6dhV2tpCNVz7qfrS,68,37i9dQZF1DX4o1oenSJRJd,0.762,0.748,0.0266,0.0,0.348,0.851
663,7vFv0yFGMJW3qVXbAd9BK9,76,37i9dQZF1DX4o1oenSJRJd,0.647,0.729,0.0206,0.0489,0.134,0.687
664,3AJwUDP919kvQ9QcozQPxg,85,37i9dQZF1DX4o1oenSJRJd,0.429,0.661,0.00239,0.000121,0.234,0.285
665,0Cvjlph1WGbwZY1PlMEtJY,71,37i9dQZF1DX4o1oenSJRJd,0.363,0.129,0.904,1.52e-06,0.157,0.147
666,0COqiPhxzoWICwFCS4eZcp,80,37i9dQZF1DX4o1oenSJRJd,0.331,0.943,0.00721,2.06e-06,0.242,0.296
667,3p9WUMN8SPfq3mUtUUnmE5,53,37i9dQZF1DX4o1oenSJRJd,0.771,0.665,0.0135,0.0123,0.0903,0.844
668,5CLGzJsGqhCEECcpnFQA8x,77,37i9dQZF1DX9qUVnHy7VXV,0.653,0.809,0.194,0.0,0.165,0.55
669,6lsumzVFKP9SnfKcuGwqVp,60,37i9dQZF1DX9qUVnHy7VXV,0.61,0.807,0.0769,2.64e-06,0.376,0.689
670,754kgU5rWscRTfvlsuEwFp,76,37i9dQZF1DX9qUVnHy7VXV,0.526,0.749,0.023,1.76e-06,0.0692,0.421
671,3U4isOIWM3VvDubwSI3y7a,86,37i9dQZF1DX9qUVnHy7VXV,0.422,0.264,0.922,0.0,0.132,0.331
672,213x4gsFDm04hSqIUkg88w,75,37i9dQZF1DX9qUVnHy7VXV,0.631,0.924,0.0841,3.59e-06,0.084,0.755
673,5kVU4z9zL3M7w7EVhBBbEF,64,37i9dQZF1DX9qUVnHy7VXV,0.72,0.538,0.301,3.03e-06,0.144,0.815
674,2T3jgoAMbBXiMMD8pSc6QL,72,37i9dQZF1DX9qUVnHy7VXV,0.628,0.882,0.259,0.0,0.065,0.853
675,2tpWsVSb9UEmDRxAl1zhX1,82,37i9dQZF1DX9qUVnHy7VXV,0.664,0.705,0.0654,0.0,0.118,0.477
676,0Dho96aJIZ5LJZXyPllbWA,62,37i9dQZF1DX9qUVnHy7VXV,0.675,0.894,0.0599,0.000452,0.0484,0.537
677,3TgMcrV32NUKjEG2ujn9eh,70,37i9dQZF1DX9qUVnHy7VXV,0.618,0.837,0.000254,0.000378,0.0618,0.526
678,1EzrEOXmMH3G43AXT1y7pA,82,37i9dQZF1DX9qUVnHy7VXV,0.686,0.457,0.595,0.0,0.105,0.718
679,386RUes7n1uM1yfzgeUuwp,75,37i9dQZF1DX9qUVnHy7VXV,0.738,0.804,0.332,0.0,0.279,0.949
680,05wIrZSwuaVWhcv5FfqeH0,78,37i9dQZF1DX9qUVnHy7VXV,0.596,0.869,0.0116,0.173,0.0678,0.944
681,5QpaGzWp0hwB5faV8dkbAz,73,37i9dQZF1DX9qUVnHy7VXV,0.558,0.719,0.0367,0.0,0.115,0.371
682,0815caqt2Lytro5EIzMufT,76,37i9dQZF1DX9qUVnHy7VXV,0.459,0.427,0.114,0.0,0.168,0.354
683,0yac0FPhLRH9i9lOng3f81,72,37i9dQZF1DX9qUVnHy7VXV,0.517,0.839,0.0014,0.000365,0.108,0.416
684,4kbj5MwxO1bq9wjT5g9HaA,81,37i9dQZF1DX9qUVnHy7VXV,0.578,0.866,0.00701,0.0,0.257,0.619
685,0fYVliAYKHuPmECRs1pbRf,77,37i9dQZF1DX9qUVnHy7VXV,0.526,0.862,0.0144,0.0597,0.229,0.528
686,3zkWCteF82vJwv0hRLba76,77,37i9dQZF1DX9qUVnHy7VXV,0.746,0.754,0.0152,0.0,0.0486,0.746
687,4sTM6V0hJUfC3bqwWBa4aG,49,37i9dQZF1DX9qUVnHy7VXV,0.612,0.848,0.406,0.0,0.248,0.516
688,7vFv0yFGMJW3qVXbAd9BK9,76,37i9dQZF1DX9qUVnHy7VXV,0.647,0.729,0.0206,0.0489,0.134,0.687
689,5aJhuze13LOoLthmiG8YIA,59,37i9dQZF1DX9qUVnHy7VXV,0.379,0.647,0.214,0.0,0.125,0.342
690,2nGFzvICaeEWjIrBrL2RAx,78,37i9dQZF1DX9qUVnHy7VXV,0.739,0.511,0.167,1.34e-06,0.133,0.542
691,3oQomOPRNQ5NVFUmLJHbAV,71,37i9dQZF1DX9qUVnHy7VXV,0.671,0.153,0.912,5.53e-05,0.0771,0.658
692,1qDrWA6lyx8cLECdZE7TV7,80,37i9dQZF1DX9qUVnHy7VXV,0.865,0.521,0.548,0.000115,0.0989,0.748
693,76cy1WJvNGJTj78UqeA5zr,80,37i9dQZF1DX9qUVnHy7VXV,0.836,0.544,0.0403,0.0,0.0824,0.51
694,4NH0G33zApUnRNsSK0CwuN,58,37i9dQZF1DX9qUVnHy7VXV,0.629,0.332,0.738,0.0,0.105,0.465
695,5xoUgPXbMNUmoHU0Enwtwq,71,37i9dQZF1DX9qUVnHy7VXV,0.41,0.803,0.239,0.0,0.103,0.814
696,3rKYiySCDMUKTw5kGVVhaa,66,37i9dQZF1DX9qUVnHy7VXV,0.795,0.616,0.417,0.0,0.349,0.815
697,57iDDD9N9tTWe75x6qhStw,79,37i9dQZF1DX9qUVnHy7VXV,0.356,0.917,0.0335,0.0,0.406,0.518
698,0smyCrJiibi2uwCiq5R1vj,72,37i9dQZF1DX9qUVnHy7VXV,0.547,0.707,8.14e-05,0.000149,0.285,0.654
699,5qqabIl2vWzo9ApSC317sa,78,37i9dQZF1DX9qUVnHy7VXV,0.378,0.896,0.000452,0.0,0.194,0.469
700,6ORqU0bHbVCRjXm9AjyHyZ,76,37i9dQZF1DX9qUVnHy7VXV,0.475,0.432,0.183,0.0,0.161,0.648
701,0qt5f5EL92o8Snzopsv0en,69,37i9dQZF1DX9qUVnHy7VXV,0.705,0.78,0.456,0.00152,0.115,0.457
702,1K3LRUEcUz5FMtPYyg0F45,75,37i9dQZF1DX9qUVnHy7VXV,0.682,0.471,0.765,0.0,0.0908,0.421
703,6X6SdJzxyw7GzxwP2fr9WV,60,37i9dQZF1DX9qUVnHy7VXV,0.74,0.669,0.0445,0.0,0.184,0.536
704,0BgbobvykXxEvxo2HhCuvM,71,37i9dQZF1DX9qUVnHy7VXV,0.814,0.373,0.602,1.7e-05,0.0931,0.632
705,4evmHXcjt3bTUHD1cvny97,80,37i9dQZF1DX9qUVnHy7VXV,0.64,0.648,0.124,0.0,0.0802,0.548
706,6RtPijgfPKROxEzTHNRiDp,81,37i9dQZF1DX9qUVnHy7VXV,0.773,0.758,0.0422,0.0,0.305,0.925
707,49kjlZP49LMD1MrrcvXDET,67,37i9dQZF1DX9qUVnHy7VXV,0.388,0.633,0.0339,0.0,0.104,0.381
708,5WuVWOngcRkMOx9RRLCvui,65,37i9dQZF1DX9qUVnHy7VXV,0.776,0.693,0.0234,0.00177,0.0322,0.635
709,4ofwffwvvnbSkrMSCKQDaC,79,37i9dQZF1DX9qUVnHy7VXV,0.672,0.735,0.286,0.0,0.242,0.754
710,5LGqFIVBf3ZUeFBpc87CFS,66,37i9dQZF1DX9qUVnHy7VXV,0.721,0.74,0.112,4.12e-05,0.0848,0.714
711,7BVwi9cIzSc6tpyxsp47vJ,65,37i9dQZF1DX9qUVnHy7VXV,0.595,0.723,0.047,0.0286,0.0995,0.272
712,2SDx0PooHZI1SQKR0y44bs,69,37i9dQZF1DX9qUVnHy7VXV,0.675,0.828,0.0242,0.0102,0.364,0.669
713,1Jaah2tmN9Hv81A87KZ1MU,74,37i9dQZF1DX9qUVnHy7VXV,0.575,0.886,0.0647,0.000187,0.709,0.609
714,1lwvJQGhdq6Kyr4BBquf23,72,37i9dQZF1DX9qUVnHy7VXV,0.787,0.78,0.25,0.0,0.0908,0.68
715,4fXGWiVhlOLdhwRDP6pIFG,76,37i9dQZF1DX9qUVnHy7VXV,0.663,0.475,0.643,0.0,0.122,0.644
716,47Slg6LuqLaX0VodpSCvPt,79,37i9dQZF1DX9qUVnHy7VXV,0.637,0.843,0.0151,0.0,0.0876,0.434
717,27jdUE1EYDSXZqhjuNxLem,62,37i9dQZF1DX9qUVnHy7VXV,0.738,0.482,0.0266,0.621,0.106,0.352
718,6jBUP2KCe821yqf1hiBqPR,71,37i9dQZF1DX9qUVnHy7VXV,0.57,0.717,0.00967,0.0,0.0833,0.321
719,58zsLZPvfflaiIbNWoA22O,77,37i9dQZF1DX9qUVnHy7VXV,0.602,0.707,0.393,0.0,0.165,0.554
720,2fTsFCKRFQ5M0igJgabnLA,72,37i9dQZF1DX9qUVnHy7VXV,0.636,0.831,0.0294,3.85e-06,0.272,0.668
721,6Qyc6fS4DsZjB2mRW9DsQs,79,37i9dQZF1DX9qUVnHy7VXV,0.315,0.715,0.00125,7.97e-06,0.0942,0.497
722,67iAlVNDDdddxqSD2EZhFs,71,37i9dQZF1DX9qUVnHy7VXV,0.851,0.551,0.151,0.0,0.0827,0.807
723,560B6Sy3dMrmUctw8VjO0v,52,37i9dQZF1DX9qUVnHy7VXV,0.711,0.868,0.0482,0.00426,0.0709,0.795
724,1mKXFLRA179hdOWQBwUk9e,82,37i9dQZF1DX9qUVnHy7VXV,0.778,0.547,0.346,0.000302,0.132,0.441
725,09nEPqqMCJ5gNioi7M2dth,61,37i9dQZF1DX9qUVnHy7VXV,0.582,0.371,0.748,9.19e-05,0.122,0.604
726,3TwtrR1yNLY1PMPsrGQpOp,70,37i9dQZF1DX9qUVnHy7VXV,0.382,0.416,0.0733,0.0,0.0719,0.125
727,7fa9MBXhVfQ8P8Df9OEbD8,75,37i9dQZF1DX9qUVnHy7VXV,0.851,0.541,0.568,0.0,0.13,0.448
728,5rgy6ghBq1eRApCkeUdJXf,76,37i9dQZF1DX9qUVnHy7VXV,0.378,0.638,0.02,7.66e-05,0.0849,0.735
729,2jiPHbFX5XM8TjaTfYJ0eo,78,37i9dQZF1DX9qUVnHy7VXV,0.885,0.581,0.427,0.000204,0.0759,0.728
730,0mUyMawtxj1CJ76kn9gIZK,76,37i9dQZF1DX9qUVnHy7VXV,0.599,0.785,0.448,0.00336,0.151,0.52
731,2ixsaeFioXJmMgkkbd4uj1,78,37i9dQZF1DX9qUVnHy7VXV,0.717,0.455,0.0846,0.0,0.11,0.389
732,1JSTJqkT5qHq8MDJnJbRE1,84,37i9dQZF1DX9qUVnHy7VXV,0.82,0.452,0.543,0.00294,0.0714,0.74
733,5fVZC9GiM4e8vu99W0Xf6J,82,37i9dQZF1DX9qUVnHy7VXV,0.64,0.743,0.269,0.0,0.101,0.361
734,2Za1AlJNvksouPPWbXpR2X,72,37i9dQZF1DX9qUVnHy7VXV,0.712,0.51,0.446,2.46e-05,0.112,0.268
735,4Ub8UsjWuewQrPhuepfVpd,74,37i9dQZF1DX9qUVnHy7VXV,0.679,0.715,0.0755,0.0,0.271,0.571
736,6q1qACcezH6eH77Xljh5QV,67,37i9dQZF1DX9qUVnHy7VXV,0.84,0.482,0.202,0.0,0.0873,0.957
737,4HlFJV71xXKIGcU3kRyttv,83,37i9dQZF1DX9qUVnHy7VXV,0.673,0.886,0.185,0.0,0.0826,0.795
738,1Cv1YLb4q0RzL6pybtaMLo,82,37i9dQZF1DX9qUVnHy7VXV,0.878,0.525,0.183,0.0,0.0714,0.694
739,0f0k0OJ9VbaLHX4J1t2qUy,62,37i9dQZF1DX9qUVnHy7VXV,0.545,0.797,0.257,3.86e-06,0.0884,0.852
740,1vkUmedJVhScV9MmRsLGSY,64,37i9dQZF1DX9qUVnHy7VXV,0.477,0.52,0.679,4.34e-06,0.0978,0.383
741,11Yp4S3WZA7yqWIbUmMJSd,61,37i9dQZF1DX9qUVnHy7VXV,0.837,0.498,0.508,0.00118,0.111,0.104
742,38xWaVFKaxZlMFvzNff2aW,70,37i9dQZF1DX9qUVnHy7VXV,0.627,0.699,0.174,0.0,0.0789,0.535
743,1gv4xPanImH17bKZ9rOveR,78,37i9dQZF1DX9qUVnHy7VXV,0.7,0.709,0.0048,0.0,0.0289,0.625
744,63SevszngYpZOwf63o61K4,77,37i9dQZF1DX9qUVnHy7VXV,0.6,0.688,0.159,1.29e-05,0.409,0.0793
745,1vxw6aYJls2oq3gW0DujAo,76,37i9dQZF1DX9qUVnHy7VXV,0.855,0.587,0.0505,0.00714,0.105,0.64
746,4RCWB3V8V0dignt99LZ8vH,80,37i9dQZF1DX9qUVnHy7VXV,0.656,0.291,0.872,0.0,0.114,0.298
747,5OQGeJ1ceykovrykZsGhqL,69,37i9dQZF1DX9qUVnHy7VXV,0.607,0.82,0.0541,6.8e-05,0.269,0.768
748,51uAKJ9jxvTPDEBnicVOq7,60,37i9dQZF1DX01NP73ErE8b,0.693,0.811,0.338,0.000165,0.154,0.426
749,7um5BZo08PrrB87Itmml9V,68,37i9dQZF1DX01NP73ErE8b,0.691,0.668,0.0481,0.0,0.136,0.459
750,01hEpx8jnOG4q7nDK14Rhi,76,37i9dQZF1DX01NP73ErE8b,0.733,0.736,0.028,0.0,0.131,0.669
751,1eIS75JS5rfbJpSu6ZC9EO,76,37i9dQZF1DX01NP73ErE8b,0.615,0.834,0.105,0.0,0.157,0.341
752,0IxDw5m8XyFBnrCXAppF53,73,37i9dQZF1DX01NP73ErE8b,0.591,0.534,0.568,0.0,0.164,0.455
753,3Ks12KDKwrT1anFMW0tevG,76,37i9dQZF1DX01NP73ErE8b,0.722,0.75,0.187,0.0,0.2,0.737
754,0kGVziydYk9eNPDdcHJcdH,72,37i9dQZF1DX01NP73ErE8b,0.701,0.816,0.245,0.0,0.133,0.822
755,0HyDNYQmQ3obfA81D3y9tG,77,37i9dQZF1DX01NP73ErE8b,0.527,0.75,0.0254,0.0,0.108,0.38
756,3oTNtTmOOekaUDvDiqM4br,66,37i9dQZF1DX01NP73ErE8b,0.511,0.67,0.426,0.0,0.0996,0.215
757,0aQi1JGO1oKWEmKGfvf8TF,74,37i9dQZF1DX01NP73ErE8b,0.656,0.678,0.12,1.86e-05,0.147,0.166
758,1feGbMzfkaybNk96cXcqnO,63,37i9dQZF1DX01NP73ErE8b,0.795,0.664,0.116,0.0,0.143,0.576
759,00QN58Gx571pB1MEuBAcmL,74,37i9dQZF1DX01NP73ErE8b,0.548,0.919,0.255,0.0,0.0984,0.385
760,2lBLzzEARN8mGgHFaXYKKk,71,37i9dQZF1DX01NP73ErE8b,0.636,0.65,0.573,0.0,0.101,0.303
761,0ZqHo6eTBHUcOVjZzPvftT,75,37i9dQZF1DX01NP73ErE8b,0.641,0.636,0.289,0.0,0.125,0.285
762,79RYaAZprDh6Sang7XIRhK,67,37i9dQZF1DX01NP73ErE8b,0.636,0.779,0.238,0.0,0.121,0.366
763,1eDC4NiUYgQSKpKDIvXxi4,74,37i9dQZF1DX01NP73ErE8b,0.585,0.724,0.445,0.0,0.1,0.547
764,71r3UlkV7sWvUYjas5paqi,66,37i9dQZF1DX01NP73ErE8b,0.617,0.916,0.123,0.0,0.183,0.552
765,43mGIsFZwISk1WWTcAK728,75,37i9dQZF1DX01NP73ErE8b,0.656,0.796,0.222,0.0,0.36,0.699
766,4ILtwYPIonCeRGCIiXAASp,67,37i9dQZF1DX01NP73ErE8b,0.867,0.699,0.0364,0.0,0.0824,0.774
767,67qxSUoyng1ohzvfyOyNWW,76,37i9dQZF1DX01NP73ErE8b,0.676,0.794,0.0123,0.0,0.275,0.662
768,7wXb66O5ZZU77xtqNDH0gl,68,37i9dQZF1DX01NP73ErE8b,0.755,0.732,0.107,0.0,0.124,0.606
769,34fqJK3MV1eToqwBm6vo33,64,37i9dQZF1DX01NP73ErE8b,0.712,0.732,0.168,0.0,0.209,0.807
770,1lWWoec2z1j88GRblI5anV,75,37i9dQZF1DX01NP73ErE8b,0.62,0.944,0.0014,0.0,0.733,0.592
771,1Lf1F7qEOS4O4wl9l8lmUq,71,37i9dQZF1DX01NP73ErE8b,0.608,0.499,0.455,0.0,0.16,0.293
772,6UP3eoMcJDoEssjjHqAdjn,68,37i9dQZF1DX01NP73ErE8b,0.664,0.801,0.112,0.0,0.102,0.563
773,5qn15Hs4s26YaNd5UWVe00,72,37i9dQZF1DX01NP73ErE8b,0.683,0.606,0.0353,1.23e-06,0.131,0.7
774,1kLwHISN4aeuaQB27D9uzd,60,37i9dQZF1DX01NP73ErE8b,0.523,0.655,0.0898,0.0,0.172,0.3
775,2RVdq0QXC4JxU0X51ZQYaH,68,37i9dQZF1DX01NP73ErE8b,0.745,0.855,0.0704,0.0,0.119,0.453
776,7JlPKH9G2KLUzJlfFFAxEO,62,37i9dQZF1DX01NP73ErE8b,0.296,0.486,0.311,0.0,0.098,0.159
777,4lajqBJavxKL3sllt1TcTH,60,37i9dQZF1DX01NP73ErE8b,0.767,0.812,0.0446,0.0,0.245,0.746
778,361UCyu0eeQnfw2FCEy8tv,69,37i9dQZF1DX01NP73ErE8b,0.573,0.588,0.336,0.0,0.125,0.169
779,0WXU7I74NEN1DMLIT406Wx,66,37i9dQZF1DX01NP73ErE8b,0.848,0.708,0.153,0.0,0.0948,0.926
780,6pswDYZetJz39k41bCXNif,67,37i9dQZF1DX01NP73ErE8b,0.646,0.653,0.329,0.000129,0.132,0.337
781,2cLYMeNcfLgCbhxKKyfOme,55,37i9dQZF1DX01NP73ErE8b,0.786,0.851,0.211,0.0,0.0757,0.58
782,0FJUY6StrBltgLCSMuSAS4,60,37i9dQZF1DX01NP73ErE8b,0.511,0.732,0.0525,0.0,0.112,0.4
783,5dP8HoPhDJ53ILl7oxfA87,69,37i9dQZF1DX01NP73ErE8b,0.783,0.741,0.298,0.0,0.0786,0.39
784,4oeFVHLTmTRbvWOk68cetc,66,37i9dQZF1DX01NP73ErE8b,0.666,0.73,0.193,5.54e-06,0.185,0.195
785,6ejXRb28P9wvSU4CRdIcbm,71,37i9dQZF1DX01NP73ErE8b,0.624,0.719,0.29,0.0,0.23,0.186
786,3wuHkw78v7I0VUl5v9KQ6D,66,37i9dQZF1DX01NP73ErE8b,0.633,0.582,0.166,0.0,0.0686,0.512
787,7gvTz4dLTGkST8Hr2V1Miq,61,37i9dQZF1DX01NP73ErE8b,0.684,0.837,0.18,0.0,0.0997,0.67
788,7uBlznv2TJpvjHCzY7K8wO,66,37i9dQZF1DX01NP73ErE8b,0.732,0.673,0.573,0.0,0.123,0.676
789,63mdY4U0KvnbMkUEc7FHN8,62,37i9dQZF1DX01NP73ErE8b,0.618,0.687,0.268,0.0,0.126,0.398
790,7HMz8o0m7ASQ3ImFPfhWTY,67,37i9dQZF1DX01NP73ErE8b,0.363,0.678,0.0299,0.0,0.324,0.321
791,3sVvrJKdQaAtwb1fa3l0k2,51,37i9dQZF1DX01NP73ErE8b,0.801,0.672,0.578,9.62e-05,0.109,0.715
792,55TK6APWefGgTKh10hROIs,52,37i9dQZF1DX01NP73ErE8b,0.82,0.866,0.0167,6.89e-05,0.0573,0.482
793,7CXdIdQAQU4aDk4l7NwznL,64,37i9dQZF1DX01NP73ErE8b,0.617,0.597,0.195,0.0,0.113,0.448
794,5IhChrah9BUbttkk0qOS7E,61,37i9dQZF1DX01NP73ErE8b,0.753,0.712,0.266,0.0,0.214,0.59
795,5yg9uLwtYJAjaMCjQmzLSi,66,37i9dQZF1DX01NP73ErE8b,0.601,0.533,0.277,0.0,0.199,0.266
796,3ZITsuxamXIoDlyy4Fi2Wt,50,37i9dQZF1DX01NP73ErE8b,0.551,0.57,0.00336,0.0,0.175,0.23
797,2rfVX4zjVnfUOr1k3txKNG,64,37i9dQZF1DX01NP73ErE8b,0.691,0.829,0.136,0.0,0.11,0.512
